,artistid,popular
4,1656,3577
31,3947,489
122,1770,158
133,9714,658
152,7974,819
194,14462,214
233,435,16770
279,8361,235
304,74,3486
335,242,17427
403,5878,9023
425,18085,46
484,61,16955
492,879,4784
569,1801,1602
586,341,14356
613,18791,404
627,7622,1006
637,7926,556
644,30313,69
678,21881,65
855,4210,5460
868,24567,163
961,14638,83
977,3805,937
982,1875,6598
1057,19910,263
1179,1433,1821
1269,16934,115
1309,52218,18
1317,7891,260
1355,5267,1257
1385,21842,200
1488,24750,168
1492,4704,2652
1502,38132,27
1579,1340,27112
1593,8697,881
1613,21019,104
1628,51216,4
1630,1667,165
1662,8873,348
1665,6579,1110
1682,4884,12613
1760,91769,4
1791,110,67520
1865,8499,845
1875,2657,2928
1916,11854,295
1928,2735,2932
1977,13405,462
2038,8469,2248
2066,637,2672
2075,6073,2580
2105,21738,163
2131,14416,191
2165,5037,4704
2166,31232,169
2184,6503,478
2227,4206,1340
2229,32782,81
2323,6359,806
2355,4300,2441
2374,20254,23
2506,1156,10103
2608,7346,68
2686,139,20566
2698,10070,1356
2724,3381,361
2727,245,13448
2728,3676,3611
2777,3599,1628
2808,91,945
2846,1812,4093
2873,18949,628
3001,455,3117
3004,52084,149
3009,572,666
3014,975,1453
3094,1276,3376
3100,14245,321
3119,2382,1356
3143,3394,1305
3197,10876,98
3304,17547,228
3333,6127,428
3414,3129,2555
3435,25211,324
3476,4498,92
3657,2464,4551
3705,48276,36
3707,3472,1040
3760,4404,3537
3818,1576,3944
3832,9036,485
3836,2912,567
3842,13336,688
3858,14622,203
3955,49241,62
3960,14079,336
4022,2665,10917
4082,17026,321
4083,11628,301
4160,101,102574
4185,2118,2626
4217,32002,216
4347,1679,907
4366,7158,685
4399,3386,420
4486,183,5499
4513,5297,6946
4592,24133,32
4633,3307,1473
4673,943,6532
4806,8442,328
4825,97094,6
4850,22311,125
4862,4624,6692
4895,428,15855
4919,9,57644
4928,1005,2215
4942,6617,426
4967,11564,595
4972,8227,370
5012,8447,169
5086,19424,361
5128,17212,8
5172,38201,100
5180,5539,1749
5329,8921,697
5356,2087,3695
5375,3046,4804
5376,9670,446
5464,8237,1599
5478,36,11037
5596,1694,8562
5601,2484,3486
5621,2734,152
5656,3556,1342
5667,14919,587
5758,444,1792
5763,107,12377
5786,2756,280
5816,3505,2361
5878,3262,3337
6008,119,14977
6102,1036,15657
6124,5258,276
6362,2397,3555
6439,8356,605
6442,3866,4220
6496,2675,4709
6631,2805,2120
6665,37467,86
6677,3579,1280
6807,1308,4019
6838,252,8743
6859,13828,100
6892,2436,850
6897,5938,1173
6957,178,7501
6980,44416,14
6994,5199,440
7033,2296,717
7062,15,41133
7100,3158,9434
7136,1975,1109
7255,6969,464
7259,1559,2879
7276,13945,207
7294,230,1054
7304,2561,3951
7313,1852,3704
7325,631,15953
7345,1943,4060
7460,4977,554
7509,5761,476
7588,10696,1963
7610,2336,9829
7628,3126,3402
7632,872,8958
7634,5172,4190
7679,3615,2234
7706,6214,2077
7739,6928,606
7741,23875,22
7797,6062,1521
7886,5552,1162
7913,41293,19
7919,12881,135
7938,23845,71
7957,3426,2478
8000,2917,6768
8040,13625,172
8080,1101,30477
8099,4523,528
8103,36833,19
8193,86227,4
8213,127261,3
8250,78,11851
8296,16044,67
8317,28641,79
8333,911,3959
8409,26092,149
8433,7487,23
8436,45,41174
8447,1962,2703
8517,17037,719
8662,6211,3770
8714,1324,5992
8941,2808,6752
8946,58,16505
8949,1977,2524
8966,1080,5084
9005,6593,630
9055,10052,197
9056,328,2730
9083,368,35912
9104,3749,2345
9180,7342,78
9214,152,2317
9230,14458,342
9264,6521,826
9299,10462,133
9345,29898,138
9364,26608,38
9366,4557,806
9373,4126,60
9420,1631,13076
9425,6227,325
9518,10650,82
9570,4660,1379
9611,80723,34
9618,4409,680
9691,2764,2058
9716,8967,528
9749,2576,1056
9775,1955,6683
9796,12062,127
9822,8328,469
9852,2585,1306
9962,3506,951
9975,3217,783
10010,639,28915
10045,5665,1263
10057,168588,2
10116,5436,30
10125,819,1889
10127,4632,679
10302,16100,551
10324,7217,129
10358,134,12115
10401,2409,6375
10569,7000,400
10571,15904,504
10609,18193,139
10610,267,3183
10624,424,1789
10631,9479,1027
10682,6892,1234
10745,1740,4543
10792,10689,540
10793,10997,218
10809,28156,38
10818,2786,3251
10828,75309,22
10831,661,3153
10857,1085,24476
10886,2830,10421
10915,13201,41
10971,907,5235
11019,3414,9129
11028,7149,859
11046,6997,1825
11051,554,283
11092,3521,625
11183,17438,322
11191,17707,251
11206,9644,50
11215,1870,15131
11216,5720,2739
11229,380,6312
11250,1682,332
11391,313,11801
11395,7453,98
11416,176,5555
11426,146,3104
11465,290,25670
11483,12476,74
11496,35222,60
11566,4958,1626
11716,4139,328
11882,11384,495
11942,906,9888
12073,3956,123
12170,2722,4092
12216,5155,102
12244,873,1597
12267,2361,280
12289,18109,64
12314,2230,8935
12358,21670,51
12421,12927,559
12443,11603,384
12453,21293,335
12478,43003,162
12510,8260,118
12666,112,10967
12753,5631,292
12780,2219,4495
12815,2548,2318
12823,4693,1311
12856,14302,639
12881,1717,4275
12916,66594,14
12920,9098,319
13087,7312,693
13120,5038,485
13168,19505,342
13178,333,6426
13191,14756,424
13194,6576,1039
13211,2812,2263
13251,1806,8272
13350,26640,112
13423,5947,1733
13439,9002,574
13550,39398,67
13579,1889,2042
13582,10190,125
13599,16377,701
13605,1908,1070
13609,6337,643
13659,3360,76
13679,18133,60
13794,8788,88
13832,26469,180
13875,2707,3156
13882,30248,72
13959,195,7697
13987,4587,374
13995,21203,98
13996,11392,441
14021,16826,433
14025,5310,210
14045,23433,72
14067,28348,77
14087,32972,82
14199,532,267
14236,211,2624
14246,13317,67
14272,15868,351
14340,3504,5639
14358,1827,3791
14365,37880,42
14366,2303,1907
14413,970,297
14414,3374,72
14433,841,1547
14446,10984,565
14447,2887,1679
14521,1341,5201
14522,2329,643
14528,2521,4618
14580,3173,412
14617,27565,86
14718,14595,334
14829,3236,3280
14841,7801,48
14854,7042,1196
14869,8365,2658
14953,5308,1163
14981,23813,49
15013,2507,173
15106,20862,583
15122,21,3445
15229,12267,452
15275,28583,26
15310,44964,27
15327,19893,71
15342,29398,95
15347,1824,3577
15371,1403,2612
15407,3106,3315
15423,4651,3372
15488,6106,304
15553,71250,22
15555,16438,586
15584,8197,260
15595,12380,154
15608,61247,17
15616,25825,29
15650,20734,44
15665,21510,206
15667,1443,9989
15731,113,37262
15756,7079,354
15781,635,30178
15836,5516,2183
15837,1902,14477
15841,875,3094
15899,4157,125
15917,1535,3680
15972,39600,13
16015,15389,366
16016,4345,294
16018,1701,13153
16068,4137,338
16078,2213,1438
16095,5349,1059
16124,8232,1250
16125,2498,5200
16148,3735,780
16271,4833,487
16353,950,2926
16405,8248,146
16467,312,28833
16469,136,18754
16475,10015,398
16481,2838,1016
16514,7259,177
16516,4514,5119
16577,26366,125
16638,30043,93
16681,20036,372
16691,20251,81
16719,2693,2351
16875,2238,2588
16877,43607,27
16890,4185,173
17075,16140,285
17116,5898,715
17154,14677,50
17290,21035,81
17370,3598,123
17375,1988,904
17513,14392,384
17540,16992,937
17548,9869,128
17621,2495,1309
17733,2138,8790
17738,17550,414
17740,3228,8639
17760,4700,2945
17849,23383,125
17861,14735,1194
17866,1173,2755
17923,26123,78
17951,13580,109
17967,5955,34
18074,646,50574
18081,1211,2923
18094,16493,242
18105,3114,1052
18136,528,186
18167,4440,406
18181,18638,1807
18197,8744,323
18210,3409,6005
18288,408,6207
18321,6919,819
18382,17691,139
18448,1031,6850
18488,1907,4615
18837,12959,822
18909,1238,6153
18936,11452,68
18943,8724,1059
18964,14127,429
18992,1452,8017
19082,1248,3523
19087,23615,107
19100,18580,503
19125,22848,234
19222,18324,1100
19232,2255,8415
19235,11387,295
19313,22675,16
19341,4337,351
19390,5616,693
19402,1275,15641
19408,5886,1543
19447,9144,326
19450,351,1256
19470,330,8231
19507,23258,285
19554,9852,615
19609,8405,192
19617,29312,61
19639,74103,8
19665,4602,278
19774,254,14818
19864,2334,4341
19882,648,6780
20078,257,41931
20087,7664,552
20165,1331,16217
20265,1797,10357
20302,3466,15246
20315,433,1763
20320,7320,1321
20381,1823,10986
20398,22390,364
20409,98960,8
20415,1037,4810
20574,1068,592
20671,4212,757
20696,2574,1332
20711,2725,1141
20720,618,6834
20731,8876,2384
20802,12507,209
20840,40372,82
20893,15425,530
20904,5288,1175
21008,3724,4665
21048,14157,108
21104,1109,3634
21124,33871,179
21145,2565,1305
21229,459,976
21259,10114,291
21267,168,651
21306,851,9892
21385,18645,84
21400,4606,336
21402,16524,306
21409,11687,326
21418,398,1951
21533,13398,236
21560,29678,14
21561,32814,368
21658,24935,126
21685,3987,815
21873,594,3365
21920,5294,778
22084,6604,790
22085,1575,17726
22087,21693,123
22098,7651,1517
22123,4287,468
22156,319,3068
22212,8693,6326
22244,27671,56
22335,5302,111
22347,367,5517
22379,12610,481
22442,13616,61
22650,5686,529
22676,3895,3379
22677,3726,5359
22732,15084,245
22821,37512,78
22857,2192,6337
22933,954,7094
22956,2606,91
22971,296,10330
23018,3087,2786
23071,16827,577
23186,9537,548
23296,2794,4827
23420,2631,490
23421,1423,6943
23456,11953,27
23504,16706,341
23569,3928,567
23592,3943,179
23613,25791,239
23637,11508,664
23643,3196,682
23657,573,492
23774,7004,4328
23798,2451,1177
23804,774,6035
23857,10496,136
23869,6857,4965
23914,1015,18542
23925,16153,651
23938,3710,2588
23942,147,11705
23967,13258,66
24014,15509,101
24129,6719,498
24140,4902,1011
24200,11258,1018
24224,31886,68
24249,5360,3617
24259,4541,27
24426,10345,516
24451,13643,566
24456,1306,3838
24458,1334,1004
24467,10710,538
24580,166,2419
24616,4642,287
24657,22505,128
24689,2608,1142
24736,340,9373
24785,6374,1721
24813,456,461
24826,944,23731
24899,1378,5436
24920,21185,200
24947,13844,266
25050,377,8419
25101,5843,1533
25164,630,3132
25178,12014,607
25296,10804,1027
25321,353,14625
25357,616,4333
25384,5179,4509
25386,2563,2784
25397,1498,7076
25451,3565,468
25457,3990,1148
25546,373,2242
25561,4010,123
25595,5135,2634
25620,5950,724
25647,4616,746
25679,34201,84
25705,5096,2961
25844,13088,188
25850,3890,3370
25875,18054,702
25889,1213,2709
25956,1814,2054
25961,12492,79
25982,1187,246
26180,6988,1561
26183,302,11778
26196,5317,878
26223,1030,9653
26226,365,5459
26434,4036,1479
26450,2166,1628
26552,10325,22
26577,11176,760
26648,18669,209
26658,305,9440
26808,5043,195
26844,3249,3511
26848,1261,24554
26881,4529,1280
26890,329,3519
26921,6302,709
26972,10824,1685
26981,4163,2917
26984,4699,1178
27002,399,1440
27067,8913,306
27099,8786,122
27138,25364,60
27141,12359,1643
27148,3878,6866
27178,3045,2761
27204,10860,477
27254,4401,781
27331,1377,1707
27375,29848,31
27420,155,14568
27444,5482,1888
27469,5295,1095
27530,622,9722
27591,2395,970
27636,2523,12873
27759,21260,126
27790,4159,57
27821,1419,1102
27832,3806,4732
28002,5644,1057
28003,13047,336
28029,4120,1085
28031,11374,417
28078,18737,1137
28144,3671,1714
28162,8776,2730
28169,42757,40
28215,11646,865
28243,265,4961
28247,50593,33
28278,1713,17306
28494,7871,239
28524,7476,1738
28639,33898,117
28712,26499,54
28767,126,8687
28886,823,40
28891,1366,7101
28900,2475,5013
28956,32218,40
28981,1330,4348
28983,19918,323
29009,1343,16593
29024,7890,1258
29110,13531,132
29167,6056,461
29195,11347,20
29266,15848,1545
29296,22468,355
29305,953,901
29396,9194,479
29496,28746,32
29505,3240,1845
29514,41924,29
29584,5416,391
29691,3744,3321
29702,14399,112
29770,1387,4782
29804,22586,34
29917,7278,2630
29953,1894,4280
29983,13,5019
29995,54179,3
30002,729,20065
30014,1296,1906
30064,8379,1846
30070,5900,155
30077,7708,286
30168,20994,106
30188,14291,58
30247,776,2741
30257,1639,7345
30288,20192,218
30386,2423,129
30400,11528,920
30466,3247,2184
30476,4080,376
30501,4074,3508
30506,1693,1693
30552,8158,687
30626,2029,3640
30714,43304,38
30738,220,385
30799,16631,222
30870,57734,2
30875,4495,201
30891,3675,1576
30908,3807,3709
30923,5057,371
30955,8362,566
31024,11029,444
31054,1925,2234
31113,231,2870
31115,4402,2028
31123,13110,150
31131,23008,104
31190,15855,159
31261,18142,114
31264,6583,2779
31279,5523,2254
31281,129004,5
31337,5638,1746
31359,11313,52
31419,1842,6194
31443,21149,289
31545,3998,5351
31561,21581,1541
31564,16821,88
31586,3541,4085
31609,3960,253
31673,137,17680
31700,2782,12501
31718,2713,1813
31776,23322,84
32063,5307,1884
32080,3838,888
32107,993,2761
32240,6644,28
32338,4597,627
32393,7716,508
32470,4521,1743
32522,3443,1532
32542,13137,23
32551,3894,409
32612,5450,158
32635,191,3667
32674,7011,734
32933,15286,58
32935,31776,36
32936,5331,2183
32943,802,3599
32945,3283,273
32960,12237,557
32969,11363,1015
32983,3128,3839
32990,6511,676
32995,21956,228
33030,51792,4
33053,13486,312
33060,467,163
33069,4542,943
33093,18538,43
33096,295,10780
33191,652,33013
33271,2531,3282
33286,1160,11802
33310,7868,426
33316,6178,1293
33332,1424,8640
33344,5362,2141
33382,9759,1044
33403,3497,1420
33472,5432,2377
33489,2832,1856
33507,6780,2915
33559,4459,760
33562,13478,439
33617,16194,115
33619,1355,2453
33679,3437,1417
33696,19257,63
33701,6533,348
33879,8174,318
33971,8649,31
34026,4429,514
34069,310,11418
34167,4279,320
34207,1830,7961
34240,651,8328
34280,3256,5313
34292,1084,9879
34331,8835,243
34387,2600,458
34477,16735,255
34481,2487,2456
34506,1632,4686
34545,4892,3272
34628,48203,26
34650,47,4237
34749,1893,3480
34753,1847,6977
34799,50350,42
35001,18751,109
35022,10823,353
35063,5052,216
35087,24781,48
35098,1858,4778
35117,13257,103
35172,61727,30
35173,14545,129
35214,5670,1297
35238,1093,317
35255,12293,261
35281,18829,165
35298,1695,888
35310,11942,167
35349,148,10961
35407,72889,26
35413,6258,146
35414,19085,168
35504,10909,613
35555,20229,145
35618,4,10552
35631,1840,2321
35641,33366,117
35723,4502,1538
35741,36043,29
35759,5203,1651
35838,5902,1458
35870,4383,1976
35886,4331,643
35896,5009,1473
35938,48,20770
35944,477,5521
36032,36956,18
36051,4849,2514
36077,8183,201
36136,15303,155
36191,13118,155
36279,2918,1616
36305,1896,1368
36408,18424,1395
36480,17994,58
36679,16618,339
36689,2793,6097
36752,3636,1333
36768,2557,2035
36804,18993,456
36858,4907,3204
36864,2030,2703
37055,15677,733
37082,1855,10857
37106,56,19978
37108,22719,201
37129,2028,14774
37149,25439,31
37340,52665,4
37366,28568,84
37384,42667,54
37415,21296,98
37551,40302,44
37568,10293,749
37674,8058,109
37682,16560,575
37714,1837,2000
37772,12602,339
37847,1652,547
37859,51540,151
37959,6147,60
38010,21053,234
38011,666,3556
38016,12470,321
38029,1530,1788
38033,36949,62
38037,13575,182
38082,17799,75
38128,4318,1674
38136,9052,502
38177,11235,1108
38209,46343,20
38220,208,14241
38228,11633,321
38229,1408,14372
38254,44880,32
38302,12100,1205
38376,3164,1919
38422,93200,6
38464,3862,1325
38497,2240,517
38511,22273,33
38523,2039,1299
38535,2771,1793
38723,5470,602
38733,1673,1513
38758,96860,2
38798,7059,71
38821,11861,258
38972,4476,3592
39175,13067,583
39193,38238,42
39219,1737,1030
39224,5550,1010
39265,3389,2590
39270,13959,869
39398,683,16704
39426,6349,675
39499,12034,489
39510,2590,571
39520,13512,1234
39675,1412,5315
39677,11966,368
39684,977,1890
39754,1475,22541
39764,27178,236
39776,2176,849
39795,315,2842
39809,89913,2
39832,4123,819
39866,11356,157
39958,3380,802
39962,429,7889
40140,1391,4765
40162,4029,656
40191,634,9616
40239,24728,12
40307,1227,5767
40352,32702,71
40356,300,32905
40508,17347,201
40588,949,37138
40632,1047,512
40641,2135,3719
40656,24290,113
40743,18127,155
40818,4065,439
40825,42965,153
40833,1416,780
40883,3124,2483
40895,4477,2261
41004,6590,271
41083,9384,68
41106,14419,170
41167,1854,5151
41203,1250,3696
41225,17165,243
41269,4082,2850
41321,1219,18207
41336,7483,440
41368,9981,1242
41453,109849,1
41474,3781,823
41523,4313,2441
41528,1868,11785
41576,46529,9
41706,11106,60
41785,1662,4033
41817,5318,757
41891,4167,4811
41908,490,3860
41979,775,4834
42018,272,8967
42071,16000,81
42097,2145,2149
42194,2515,1240
42204,1050,6047
42264,10507,263
42320,8908,1091
42355,4846,1076
42434,2160,2483
42451,8924,404
42459,11760,210
42483,3898,3048
42485,3717,1059
42507,2872,4902
42543,1139,2204
42559,1158,3865
42655,15724,153
42675,1230,2726
42715,82,1933
42728,4438,740
42734,9157,711
42749,34270,93
42782,1883,1902
42810,18731,244
42842,1385,10258
42946,5869,52
42995,17564,283
43066,275,6454
43080,4861,797
43154,10971,515
43158,375,2216
43162,1553,4935
43172,6029,47
43239,1369,12292
43249,3800,2342
43266,10273,886
43281,2103,6932
43326,120310,1
43354,2482,5010
43370,947,4015
43371,463,1259
43448,31787,209
43515,2668,212
43558,12550,409
43566,16442,319
43579,5167,282
43589,1097,1900
43684,1354,18005
43709,11561,467
43731,32839,144
43796,2965,906
43811,1267,4467
43902,2903,1553
43907,8922,188
44080,69,2463
44135,3213,679
44155,36862,43
44217,12562,243
44230,24974,157
44235,425,1927
44263,946,7502
44323,18601,356
44346,2217,3335
44379,29074,225
44446,10101,728
44587,500,43043
44644,52,9385
44652,4582,770
44662,60,37413
44727,782,26067
44816,22187,453
44892,3762,2189
44908,15404,148
44957,15076,37
45172,1161,6338
45192,5176,913
45287,3174,3017
45393,1467,5016
45426,24115,104
45433,4301,884
45459,0,251773
45678,6176,2722
45717,2821,405
45871,29436,93
45873,2224,2488
45984,140292,1
45990,2016,499
46098,3817,721
46113,13205,51
46127,21090,76
46152,94845,14
46160,1940,1158
46198,13637,87
46239,4551,2767
46260,1155,7037
46374,12051,552
46427,6506,907
46454,17156,195
46472,1118,14271
46507,84012,13
46512,7675,236
46549,7695,1239
46553,38248,64
46584,16967,354
46705,19242,36
46732,22841,240
46743,5323,140
46781,34410,7
46829,3698,613
46863,6059,1521
47004,10754,1591
47026,9044,333
47077,162,21420
47125,2019,31283
47504,4233,101
47517,12170,48
47539,723,4425
47547,2018,1958
47572,7692,251
47671,38675,209
47692,14189,502
47743,1641,3883
47752,16495,98
47762,276,5374
47769,6102,218
47810,15831,1038
47851,1116,22186
47916,4232,118
47964,810,342
47989,8448,1875
48038,3422,3786
48052,20019,202
48061,79,10882
48075,2306,572
48087,21406,162
48145,100,15980
48176,411,4075
48182,21283,437
48271,3462,4571
48323,16965,386
48355,2214,4235
48381,7516,691
48458,9182,1409
48508,140918,2
48519,1610,2639
48531,2930,2050
48545,39171,86
48565,6377,1031
48624,3402,6387
48627,25768,17
48655,8319,283
48720,8131,167
48734,5031,1648
48812,20170,189
48915,1767,6085
48931,6448,406
48960,4315,1104
49017,5184,118
49076,4028,791
49092,12094,1046
49241,2282,4611
49250,1574,2979
49276,22792,20
49330,2323,3754
49336,20970,195
49393,5884,1159
49430,325,24159
49432,2020,2764
49496,2916,12337
49513,3162,5121
49522,1657,30073
49568,4428,116
49604,9481,698
49625,40841,24
49669,154584,3
49677,3019,579
49804,7765,1063
49914,8494,697
49937,309,11638
50010,278,3044
50035,5212,884
50039,1934,3385
50067,4003,1507
50095,318,19375
50140,3723,139
50163,13559,216
50225,27097,70
50277,12341,170
50279,2709,1261
50302,941,42155
50309,18362,200
50389,1785,3646
50409,95,48849
50487,27574,39
50544,5073,467
50563,5712,3469
50573,3252,154
50746,2645,204
50774,1201,12972
50786,21031,85
50862,109,82037
50907,5905,658
50955,13845,610
50982,1533,8927
51043,298,22720
51169,1373,5564
51207,2253,11942
51219,25227,129
51341,3423,4976
51346,747,5062
51360,6933,1165
51457,10705,209
51515,291,10662
51536,17716,229
51652,19319,149
51669,1459,16978
51673,5543,132
51700,47213,9
51733,2180,751
51789,7228,251
51854,12018,1305
51980,9154,1710
52043,5118,507
52079,2797,2087
52113,7055,787
52189,685,15780
52248,30260,83
52253,417,13484
52260,2172,915
52369,2935,523
52462,5595,170
52481,236,28242
52536,24820,142
52584,2456,813
52649,5685,1195
52720,2468,2947
52732,3041,3510
52831,784,6132
52842,1905,8642
52886,8531,1483
52933,1179,12272
52941,13174,930
52968,10709,451
53063,1270,1025
53072,21292,74
53178,16761,208
53187,10406,107
53201,7502,270
53285,3122,1226
53378,9016,633
53449,8691,824
53494,2811,4053
53518,33966,99
53555,728,5799
53595,16230,72
53601,1521,753
53711,1779,11878
53724,90374,15
53768,1247,3619
53793,16731,364
53797,3477,1083
53803,120,38260
53839,9490,511
53873,489,3949
53894,4771,442
53911,7997,931
53955,40737,63
54071,2837,829
54176,23188,78
54323,4244,634
54365,14604,755
54374,23159,211
54422,9556,194
54444,20524,67
54497,10604,1743
54517,2781,11401
54526,7718,98
54590,1220,21717
54722,11673,78
54724,20169,167
54729,2381,1052
54761,2096,3540
54769,2921,4316
54788,2860,1485
54812,332,4368
54876,4507,4098
54888,306,3794
54897,2569,3633
54910,19393,94
54947,695,2313
54949,35776,98
55020,14785,209
55047,10191,1499
55123,3237,2720
55128,25304,72
55319,3629,5037
55351,1573,1366
55401,4321,720
55402,1436,4005
55447,19565,74
55510,488,686
55570,5727,602
55642,4142,1305
55765,6515,356
55779,1613,5926
55817,5245,724
55836,2710,687
55853,1884,8264
55859,3559,1841
55891,1792,6409
55952,4513,843
55969,23229,132
55993,11021,146
56122,5713,1867
56157,10285,39
56168,5006,819
56204,74247,17
56218,32462,74
56266,7375,1545
56272,3294,988
56301,1616,9977
56340,1372,8263
56394,2485,1722
56396,8144,1570
56402,39909,44
56406,17774,100
56461,35479,231
56544,4709,918
56552,79056,2
56556,9705,403
56568,14058,228
56602,1664,6862
56665,9273,465
56670,9404,155
56725,2717,410
56734,2792,5127
56805,28930,171
56844,26622,46
56851,10675,158
56864,6502,1642
56913,131,22909
56963,2960,1383
56988,1839,2572
56999,3946,1351
57008,4348,1244
57012,3191,3486
57056,48232,27
57087,2598,312
57136,1861,2709
57167,11385,381
57189,3511,1607
57334,1406,2631
57338,2193,473
57396,6328,1918
57460,47988,42
57480,1711,4806
57706,1984,1206
57841,3478,3812
57884,13922,159
58003,6186,605
58100,9473,758
58115,10857,801
58165,2840,1471
58187,39867,32
58203,522,41894
58213,1291,2088
58242,4403,1741
58312,14,22689
58402,15157,460
58417,781,6416
58526,620,23042
58589,169444,7
58622,55754,15
58632,1003,24912
58643,4515,5713
58659,28094,40
58668,8457,658
58750,51113,5
58798,13286,216
58799,3349,977
58810,161,12000
58822,18821,242
58834,15392,167
58892,4484,701
58894,283,2523
58895,94,2765
58910,11288,358
58916,2878,2060
58922,11332,313
58975,657,39339
58979,34061,178
58980,8100,2757
59054,14953,134
59091,6762,300
59430,3359,6060
59486,23270,585
59517,20535,88
59575,2522,6524
59581,8668,1027
59596,13523,55
59605,2728,116
59630,5536,1195
59646,9053,1274
59675,31898,40
59714,14654,356
59755,44133,35
59793,1669,1205
59835,1880,2051
60124,19940,96
60126,3545,848
60172,3978,302
60182,6175,3451
60292,18385,129
60428,3469,3066
60451,40664,60
60467,1414,5124
60470,10104,230
60513,4437,309
60549,19399,84
60726,10032,150
60759,3089,368
60794,2221,6823
60855,3619,26
60868,1194,39173
60895,1347,4504
60983,13609,349
60999,4326,2964
61094,62601,20
61146,35590,109
61211,13475,848
61241,1466,21297
61298,26562,56
61322,756,2683
61338,2875,5591
61340,6447,2974
61366,9419,179
61405,327,6234
61417,4407,566
61443,17263,527
61529,38259,5
61551,9974,215
61554,3600,867
61683,935,2447
61711,1417,13377
61750,10755,522
61773,22208,253
61815,108,11845
61858,2211,3195
61883,1177,5024
61954,8374,98
61957,2259,504
61972,13462,350
61976,1471,7205
62036,13562,108
62074,3681,509
62178,26987,416
62198,7001,269
62223,3964,725
62279,9142,2166
62280,9776,156
62342,5497,2316
62345,2882,1362
62419,3215,1570
62446,18263,45
62459,7732,549
62547,1674,5486
62568,2947,169
62700,4900,1218
62714,5605,524
62795,7473,234
62977,1683,1828
63004,3399,3507
63070,1274,21115
63120,31215,115
63130,25,28471
63197,14758,362
63244,8646,1756
63356,12400,108
63384,2846,1392
63393,8466,83
63472,2527,12137
63487,3546,2600
63548,7013,308
63601,181,4378
63644,15845,53
63744,1124,61
63787,356,2056
63796,3701,1070
63823,1511,894
63837,81,10507
63926,1914,18427
63996,23915,281
64030,2925,6410
64083,3996,2942
64307,2454,7545
64363,593,32
64462,1046,5574
64477,20141,24
64568,3161,2383
64569,53666,43
64615,6881,807
64652,4585,1507
64657,3595,3070
64712,6382,355
64753,40,41593
64957,31289,150
65033,104,15928
65127,20418,157
65140,474,10313
65197,43697,118
65224,8211,287
65479,8885,3040
65480,11320,239
65511,1225,1841
65559,9465,549
65583,4708,2337
65682,360,20767
65735,9148,1402
65785,1654,1871
65787,19,8989
65915,22815,175
65962,4508,119
65978,21141,142
66062,1395,10111
66133,2932,2461
66167,12722,230
66262,804,12093
66279,1937,4033
66308,14303,28
66506,6965,338
66550,3530,614
66551,6619,268
66585,28225,850
66599,4473,354
66618,339,2540
66713,7251,4287
66872,3201,3429
66895,1104,9838
66943,24888,108
66951,2614,1639
66993,2766,1637
67034,5285,2571
67071,9667,219
67094,1380,2392
67158,6454,129
67204,4584,4819
67205,11367,632
67212,492,2731
67285,7299,143
67290,7035,503
67315,387,2479
67318,2208,14378
67373,83065,19
67376,4187,1996
67490,26523,36
67539,1361,11514
67553,66648,87
67645,3634,8036
67648,18037,443
67743,5368,898
67748,5930,707
67771,4295,534
67821,9460,332
67882,4380,500
67914,2723,1147
67949,4512,3460
67986,1120,8877
67991,2003,220
67996,5061,325
68004,34703,40
68019,938,1253
68117,5531,503
68226,39084,58
68292,4826,2187
68302,8757,281
68309,2744,863
68377,331,5703
68426,16369,352
68436,1231,5842
68479,10590,151
68502,70392,22
68512,4420,394
68640,3268,2795
68660,17223,71
68666,10494,1429
68850,17154,117
68878,5025,1280
68983,8581,350
69305,19676,86
69408,17590,122
69453,2014,2207
69485,16263,49
69556,1367,18354
69573,6990,719
69586,52205,118
69625,1040,4108
69648,10497,694
69657,4056,930
69837,66,31114
69936,156653,25
70006,22406,218
70102,1169,1608
70224,13382,134
70239,4707,134
70333,9278,202
70336,10812,411
70446,1302,1040
70464,7832,152
70476,14249,362
70500,13710,502
70568,29712,38
70581,8451,409
70621,21900,135
70717,1800,749
70801,25295,84
70848,6528,1251
70890,5805,755
70901,6757,1227
70912,37932,56
71203,5852,459
71400,12052,125
71434,1712,5402
71442,741,2177
71476,5311,181
71549,945,6934
71566,384,10699
71609,121,26260
71790,644,26730
71887,30004,14
71900,4590,3636
71923,12923,258
71926,3801,5789
71960,6899,122
72014,15439,271
72023,10099,659
72052,4850,857
72053,624,16900
72147,2924,4599
72170,11241,445
72219,19491,159
72263,5681,1032
72290,39112,62
72336,607,889
72489,1127,9333
72521,22218,157
72539,5456,1239
72543,5587,65
72547,249,543
72549,8671,854
72618,11482,1215
72726,1472,6930
72734,2973,1976
72740,3326,932
72777,2370,7263
72796,3930,1165
72818,8467,230
72840,43429,20
72887,2245,98
72964,2088,2383
72968,2414,1801
73054,1154,2886
73066,22740,121
73136,1039,1523
73174,1255,1122
73186,134624,4
73188,4177,331
73237,10766,81
73258,18190,245
73276,27717,112
73279,11704,665
73284,8722,302
73362,909,10829
73379,11847,285
73421,8931,159
73444,5722,3302
73459,9706,390
73580,28684,199
73625,4497,1523
73697,4775,3040
73711,35685,24
73723,14181,336
73771,1303,9305
73878,22364,48
73910,7041,430
73955,1088,8264
73993,9901,928
74020,1206,12761
74075,37045,107
74100,18677,170
74102,35263,39
74113,10472,767
74126,14009,302
74146,7039,1288
74155,23867,258
74200,3836,30
74215,4581,3845
74231,4024,692
74276,1782,26469
74278,1370,11507
74332,4114,774
74380,942,14604
74383,1441,998
74440,2168,2545
74483,2297,5853
74512,4952,529
74517,16651,388
74576,2005,3979
74582,2258,2254
74587,24385,906
74594,6068,1289
74628,4653,3130
74690,4853,146
74810,9541,278
74898,3153,3346
74901,12831,812
74913,7993,1980
74990,6520,1239
75037,2542,7453
75064,4766,665
75071,15735,20
75082,2130,5989
75189,3857,1143
75195,3846,2020
75209,15305,121
75231,895,58687
75272,342,1601
75286,972,35499
75346,29654,85
75383,2780,265
75413,4828,133
75453,10744,642
75537,76,7312
75554,3095,1523
75726,4461,4220
75769,3289,2384
75773,498,8714
75786,1162,2508
75801,4822,670
75810,848,2846
75814,150,5322
75830,5875,1916
75847,16312,121
75855,1071,2026
75863,6020,440
75864,3731,3575
75868,32588,96
75959,667,615
76018,43391,47
76059,17968,58
76105,5500,1282
76146,3033,3498
76227,77628,43
76280,13592,317
76329,6955,271
76348,1709,2993
76412,1095,11755
76439,2946,331
76466,2518,168
76499,304,9169
76575,5733,1499
76619,8688,397
76741,83016,3
76866,2553,391
76877,1973,5335
77037,10758,93
77056,2006,982
77088,40411,39
77094,8129,1363
77105,316,32054
77155,4175,3169
77158,636,11151
77212,23482,87
77241,357,5642
77273,10593,432
77296,13195,928
77307,2115,1448
77466,2116,2265
77474,10574,754
77548,12502,360
77660,3920,770
77678,5926,1455
77772,1491,789
77801,1974,983
77824,5662,2306
77829,4061,1018
77848,4276,583
77901,21638,401
77910,6389,273
77923,19590,99
77932,10320,61
78030,2783,2467
78053,32995,86
78099,9816,81
78120,114417,3
78161,50384,3
78172,11352,439
78213,499,6439
78293,46791,8
78300,14106,111
78341,21354,43
78354,1218,2477
78546,36595,50
78551,45779,51
78586,13184,171
78646,6024,301
78649,15224,191
78722,6927,860
78793,26071,18
78824,8384,206
78895,6992,673
78941,5524,601
78976,5972,1181
78995,15901,616
79022,9164,308
79049,5904,482
79107,4197,1481
79113,5032,9264
79147,3852,3980
79265,2317,2094
79321,2481,6424
79349,12928,229
79400,32408,86
79440,2494,2550
79457,35909,27
79544,3983,336
79669,3137,3347
79713,334,1158
79830,2799,3575
79870,198,2843
79919,22011,104
79922,4180,1624
79931,7161,837
79963,2271,1974
79996,30,3747
80005,234,4164
80016,2814,3554
80106,11285,1663
80175,248,5034
80251,87,13903
80365,8163,956
80369,8819,203
80380,8253,476
80444,127527,1
80451,16022,603
80459,4060,1984
80481,1584,280
80496,5896,2470
80538,3195,790
80687,526,14106
80692,1733,4443
80732,4288,570
80752,1781,16818
80807,772,20305
80835,803,830
80855,4179,2724
80873,11159,1404
80904,19382,67
80940,856,17700
80976,139319,1
81057,2101,1822
81082,7327,923
81121,3986,515
81148,9146,284
81149,7844,505
81151,2227,2289
81163,2687,3402
81199,44252,55
81204,20654,68
81206,1396,5969
81308,6005,1010
81482,102,4318
81544,1300,4539
81586,7095,255
81609,10422,298
81632,5518,589
81639,286,17670
81755,4598,2865
81788,4739,3047
81792,1129,8557
81832,2225,1548
81853,2190,1737
81898,973,22412
81915,10128,246
82005,7232,131
82034,1942,2811
82037,16962,109
82160,720,27413
82164,14379,137
82178,1661,6036
82319,299,27793
82446,6247,723
82489,1929,4425
82653,21503,221
82694,7875,1016
82747,1939,505
82750,1659,5794
82785,2694,206
82795,4057,136
82898,1476,2445
82924,2669,2773
83090,3040,2607
83125,9642,930
83166,49274,91
83216,15595,166
83258,48955,34
83275,18687,336
83347,2773,874
83394,20,22606
83400,10,5004
83427,11888,237
83432,6982,635
83673,5933,127
83683,2502,249
83774,495,30223
83786,5619,2363
83823,20771,100
83830,4190,158
83936,9116,1324
83937,17871,184
83955,261,14763
83957,6888,553
84018,11549,453
84057,39653,184
84157,1611,11249
84297,689,6326
84302,8172,175
84376,6480,920
84398,17826,30
84405,40749,38
84449,1788,5668
84534,1151,7551
84553,1834,1487
84607,1703,2138
84641,22957,288
84668,1700,2292
84673,9991,296
84720,7854,396
84746,6466,446
84779,1789,10736
84879,1073,10075
84928,8208,98
84975,24039,137
84978,10603,502
85049,5247,678
85052,1992,138
85076,1204,3388
85084,6765,565
85149,21444,209
85233,1802,7263
85254,22475,517
85262,5087,486
85335,9281,224
85361,615,4938
85409,97333,20
85416,4496,1027
85505,6042,168
85520,5823,3439
85583,15536,103
85591,24578,179
85597,6,46073
85648,472,2654
85677,2284,2399
85706,12462,160
85765,26548,383
85797,1066,6685
85813,180,24163
85880,4267,2280
85967,2098,5256
85987,15594,339
86035,8240,36
86044,2826,2410
86156,22417,65
86167,7883,223
86249,2570,148
86256,1256,8177
86307,26993,307
86366,78357,9
86372,4734,2140
86415,4297,1084
86438,20427,514
86449,3297,334
86557,6450,390
86727,3150,1337
86783,16073,100
86800,11621,636
86913,1494,7275
86939,1815,3052
86949,71326,17
86978,31115,108
87024,54205,48
87031,10910,229
87061,1888,2771
87062,4527,2126
87078,29047,176
87124,43979,48
87125,38070,32
87149,1399,5517
87150,5583,833
87241,7446,737
87311,33817,16
87330,4272,1598
87332,19288,95
87390,3356,198
87397,11773,226
87422,11092,183
87456,22358,83
87481,71328,14
87500,23083,96
87530,2109,478
87541,1689,2458
87579,990,4785
87597,1791,1023
87614,2937,2509
87621,4871,864
87671,20447,563
87732,27457,18
87791,3118,7054
87884,3931,1209
87937,27026,407
87967,8028,347
88008,7156,1628
88023,77960,4
88085,5591,1880
88165,1087,7589
88322,379,8432
88380,3082,5440
88399,15256,382
88400,3432,2120
88416,3245,1996
88432,12725,84
88558,563,4243
88778,26599,44
88793,25852,179
88884,116,4194
88979,1577,7869
89083,3491,11761
89127,13468,69
89138,13149,189
89220,7330,98
89241,12926,164
89367,10567,211
89427,1609,1649
89496,1714,3272
89516,1637,808
89540,16117,544
89545,15517,231
89547,1056,2770
89599,3686,1120
89600,10296,214
89622,920,595
89645,2948,773
89683,546,463
89742,22958,196
89755,785,5441
89831,4812,347
89842,2546,956
89869,3741,5280
89894,78173,19
89896,18259,441
89897,1360,27338
89911,4208,477
89923,11577,1697
89931,4568,1947
89954,4834,1444
89955,86,2180
89967,36988,25
90099,193,4877
90147,4025,1945
90191,39656,38
90217,3465,746
90248,5876,155
90252,7194,1110
90268,80,4039
90311,15029,295
90322,18666,336
90389,3811,5300
90404,16492,43
90646,177,9747
90648,4047,306
90650,88,13536
90660,5163,225
90697,3529,1139
90709,5937,144
90760,27772,197
90769,2163,5307
90821,1368,6250
90878,4148,258
90879,4257,555
90918,378,4536
90941,6758,419
91001,7654,958
91042,5553,965
91052,17296,184
91073,26856,99
91096,26365,119
91130,1532,477
91193,154,1295
91255,4450,65
91337,1756,1208
91359,33623,33
91396,894,1927
91470,1259,8262
91529,8511,527
91556,24058,64
91562,4451,2406
91639,6843,1627
91759,5371,2002
91762,1490,236
91784,885,15119
91789,2810,1593
91808,9094,180
91842,777,2884
91898,1061,2594
91911,29020,53
92007,2293,5303
92022,2711,667
92108,16384,319
92122,19472,122
92124,26,20053
92144,16068,84
92227,2452,1747
92232,1165,13455
92259,9434,384
92378,783,12698
92436,9109,51
92626,6637,1865
92638,132,12333
92641,1547,3312
92663,7191,2199
92665,4993,189
92684,8312,682
92689,25769,37
92724,1997,2142
92774,4293,211
92801,1605,2571
92808,35866,77
92842,6814,220
92974,5515,1852
92993,153,480
93102,769,3874
93108,29377,48
93111,9736,32
93165,12969,217
93182,5532,3657
93264,5546,3432
93280,13572,121
93307,842,8496
93315,15141,98
93345,62,54982
93358,69394,5
93412,2090,82
93416,44566,83
93417,11772,645
93439,9409,412
93454,5540,3756
93541,4033,1060
93560,865,4909
93635,1964,1476
93637,197,2235
93672,32827,40
93681,5130,240
93694,1915,2617
93740,10016,571
93767,8719,1372
93782,423,1455
93799,3496,124
93815,21598,30
93865,2768,3132
93899,1383,8335
93967,105,6297
93974,5551,1696
93979,2877,1821
93993,22843,37
93998,14618,37
94022,72,4503
94132,5396,360
94225,5919,3778
94292,67070,37
94303,16111,270
94326,7250,128
94346,103,8130
94349,553,256
94371,2185,1700
94417,14423,265
94462,20507,208
94481,1203,15953
94505,2444,7249
94514,903,16408
94620,12832,187
94633,4449,1043
94661,9972,958
94687,48318,74
94703,1843,31035
94791,13903,866
94792,1528,5532
94856,6270,517
94892,11607,429
94919,25497,54
94928,23398,67
94981,2980,1002
94996,10808,236
95035,1933,1748
95140,6802,579
95179,12587,504
95191,23542,40
95212,503,7765
95218,986,7438
95220,905,6724
95255,3010,1033
95287,1945,2072
95336,1675,3417
95337,3812,2410
95371,1038,3938
95377,13435,307
95393,19722,106
95417,6838,344
95474,8862,1054
95476,12605,333
95494,10884,237
95515,12980,653
95517,2252,2116
95522,1121,1238
95541,8278,116
95598,34665,75
95649,8544,3024
95734,5173,752
95766,3141,548
95848,9495,511
95857,1766,2517
95901,3132,7013
95910,301,3613
95948,2100,14415
96007,3517,2664
96014,34465,51
96017,16446,119
96102,3794,2510
96149,4171,1085
96164,28183,79
96221,1309,22146
96309,52099,50
96377,3263,248
96400,2682,346
96403,19064,50
96442,1217,2200
96464,6330,124
96496,1316,8908
96520,3135,12049
96546,1216,4600
96565,21197,94
96601,28453,173
96606,4324,61
96614,2617,3595
96632,59580,32
96686,8907,262
96697,8532,213
96707,13276,304
96766,2473,3585
96807,600,4659
96826,24124,133
96883,2943,2169
96886,20451,361
96920,28345,79
96925,9691,444
97017,52432,82
97019,4405,9942
97023,12890,339
97103,1100,4750
97117,85,6826
97179,83,1090
97242,371,19837
97243,25688,54
97286,7706,89
97303,1319,12739
97319,1243,2703
97322,1887,799
97327,3384,4651
97343,6509,2031
97372,16041,444
97429,3223,2290
97580,509,25
97617,5825,2165
97665,15031,574
97738,2276,11125
97801,928,4080
97810,4896,937
97821,17637,84
97844,9733,353
97847,12897,152
97949,5925,4338
97987,6216,67
97995,13912,1198
98000,17455,292
98114,64,2368
98207,3780,61
98251,55,4021
98262,2131,8586
98297,6160,234
98306,26090,64
98326,3750,465
98329,1644,43228
98366,8576,1070
98371,2171,600
98428,3277,970
98461,284,2770
98463,3548,152
98518,26077,37
98587,8161,834
98689,16054,201
98780,2383,5625
98785,908,3652
98798,864,5469
98831,1130,9521
98845,396,18305
98920,20368,379
98928,12277,680
99015,3091,372
99028,4583,149
99037,13630,123
99045,2313,2041
99057,8522,160
99070,22,38335
99156,133218,5
99198,8056,396
99212,9141,1043
99216,6867,837
99230,362,8178
99316,335,8939
99370,4076,4886
99373,13312,70
99396,124917,3
99400,1209,3142
99403,16382,254
99409,1041,5079
99501,4945,6399
99516,9149,759
99550,140,3504
99553,32694,97
99576,24560,181
99600,1821,253
99670,1999,1473
99700,10901,281
99754,1829,7210
99784,3183,1880
99788,7431,2116
99790,287,9036
99801,1055,3332
99867,4030,806
99916,10132,259
99953,1655,2186
99973,2754,724
99981,51,599
99989,1859,4786
100010,8936,349
100017,23043,65
100028,24939,50
100073,1857,2757
100146,14166,162
100199,8057,191
100213,2200,5988
100255,27864,128
100272,27194,32
100287,2348,6806
100369,17582,206
100377,1684,8939
100378,11839,994
100452,28587,221
100458,61912,9
100504,4835,320
100533,17678,74
100579,4008,4249
100597,17002,37
100605,4946,1850
100662,28908,27
100663,12189,1131
100769,2443,845
100789,12046,1085
100959,3522,711
100999,7485,273
101024,3170,7201
101043,14762,364
101095,16028,164
101101,861,3042
101142,6761,176
101172,3630,5143
101255,8864,1250
101259,3325,2680
101264,12449,336
101295,129,36432
101395,4328,1178
101400,189,314
101403,3763,264
101479,164868,1
101487,1051,26999
101534,870,17788
101559,1808,1858
101615,1470,3410
101623,4694,796
101644,4174,1380
101692,8539,750
101704,2112,10404
101773,35657,42
101817,1348,4778
101843,487,2073
101917,3993,3663
101918,5836,330
101930,8705,78
101959,9506,1854
102008,778,979
102016,2474,427
102027,10822,1264
102054,18293,362
102103,2177,1686
102137,1681,6034
102167,3989,1946
102270,4901,803
102281,13762,299
102292,11221,100
102299,2680,2149
102341,16627,35
102355,31627,110
102426,6766,327
102519,8928,340
102550,344,6267
102633,24367,348
102661,4125,449
102726,7456,996
103016,17541,538
103042,2681,1827
103160,3488,6365
103198,2298,2116
103230,10585,1944
103285,44573,10
103288,22724,98
103294,1817,3648
103309,1175,1666
103312,17308,46
103333,6205,104
103409,33796,23
103490,670,3089
103496,6288,536
103502,22204,57
103615,4246,168
103669,7008,135
103683,3742,348
103709,167,555
103716,16502,509
103745,3143,1505
103781,54227,55
103797,23257,72
103804,2615,89
103806,16688,153
103853,5960,412
103858,4005,510
104085,680,1884
104127,8526,2018
104158,15183,212
104182,6961,70
104260,7581,116
104276,13604,65
104356,3527,430
104380,101047,36
104455,25069,121
104625,1246,1982
104636,2865,2841
104673,2895,1590
104676,1268,175
104693,18016,132
104694,7447,757
104702,7171,664
104753,4370,312
104837,4102,427
104848,7694,307
104880,449,365
104904,1279,1002
104911,9998,111
104997,1282,6689
105009,3979,584
105011,12910,882
105042,6760,1265
105113,3144,4363
105124,16332,95
105150,2022,7822
105168,1512,3032
105186,5976,3991
105190,38330,97
105206,642,3075
105237,32524,79
105247,3034,249
105274,5304,1922
105298,382,11702
105313,890,5044
105400,9114,530
105444,8473,433
105487,4286,306
105502,21516,61
105588,32358,46
105628,684,2717
105647,8690,549
105654,2692,157
105698,18087,106
105773,5748,1254
105794,12063,635
105862,1195,3709
105878,9169,391
105906,5759,858
105920,48406,87
105923,13001,50
105927,9836,254
106080,1524,2519
106082,11833,283
106117,20943,26
106124,16386,187
106143,771,37511
106212,7905,138
106239,7369,1567
106252,250,316
106258,1739,5345
106281,4306,1147
106289,46123,18
106302,1333,1423
106331,5035,992
106411,5903,293
106433,6170,720
106455,496,40204
106456,7682,554
106552,7253,114
106554,6251,41
106559,2430,311
106594,12369,189
106623,13353,409
106650,22227,112
106681,27,55545
106689,9655,2112
106727,14382,46
106737,405,4788
106761,1835,7813
106790,4705,917
106813,2562,4069
106904,47528,55
106968,5457,421
106993,2857,6272
107015,9638,389
107078,31979,93
107192,23785,191
107253,35869,31
107265,1825,11117
107272,3877,1729
107309,6868,479
107384,34259,131
107400,13715,67
107430,3022,2794
107443,13872,70
107454,94345,10
107456,1474,11374
107457,70,36393
107464,12877,552
107479,6784,649
107505,1327,599
107520,13218,230
107528,4588,3079
107592,3953,133
107653,53124,67
107658,11463,209
107668,273,11247
107687,1020,14159
107738,18755,179
107745,67,4503
107811,4973,183
107858,46962,49
108051,20531,177
108058,2685,5871
108160,3576,64
108176,15819,129
108179,3747,1929
108195,1715,2694
108199,7922,794
108214,1207,10022
108226,33802,43
108231,3498,1987
108257,3284,3189
108274,5581,833
108315,654,18498
108317,14024,208
108333,440,5054
108342,4868,3949
108424,392,3732
108437,15232,755
108446,4948,4026
108484,7395,596
108597,5881,284
108616,8910,591
108638,8166,215
108645,10105,127
108680,1983,1320
108688,218,835
108702,1704,6955
108843,26584,93
108894,2639,3121
108903,1059,10798
108985,84599,17
108987,11543,142
108988,8920,356
109003,3417,3003
109016,3837,596
109048,3845,1475
109096,73,1737
109113,3404,2398
109153,4570,648
109213,659,13919
109287,11822,1381
109673,21697,93
109696,29751,121
109717,10596,557
109724,13611,420
109758,68600,29
109776,16491,188
109779,2300,1553
109786,251,12030
109865,2568,284
109888,5427,831
109931,8,50918
109934,4134,1566
109981,5582,797
109982,23,7242
109986,27090,171
110017,214,5499
110069,17504,558
110089,13923,1109
110110,16342,215
110152,2170,1177
110161,8136,441
110177,2670,460
110198,11333,133
110318,1394,9080
110358,8111,629
110394,5949,535
110435,263,5643
110455,24971,35
110470,5998,924
110482,1011,4423
110569,1697,3089
110596,6612,1612
110605,696,12288
110642,2108,7757
110663,23605,68
110673,656,17902
110714,1892,7528
110764,2789,2870
110806,3120,4155
110812,12082,313
110822,11359,181
110869,1745,4023
110902,17034,65
110923,5873,1142
110984,7009,180
111022,626,13102
111051,14830,32
111154,3361,1281
111170,6168,430
111233,4654,1084
111299,3941,918
111314,3387,7357
111320,2340,4715
111600,7494,595
111621,1294,18502
111649,5446,1607
111712,1640,594
111713,160,876
111715,6159,145
111719,1886,2053
111732,22549,465
111741,662,17209
111892,9662,476
111908,14765,129
111940,151,2025
112072,31436,183
112125,6342,185
112134,1401,26283
112163,13603,234
112214,1845,3495
112221,13651,123
112224,3305,3263
112259,19914,363
112316,1563,6052
112330,59,15720
112349,621,16733
112388,16999,456
112421,7006,325
112542,13235,184
112548,7704,392
112591,15710,320
112707,44479,94
112724,1379,514
112735,17365,305
112781,2164,401
112782,1063,5737
112791,25560,193
112811,4311,1655
112828,3860,4106
112838,5370,1699
112847,22641,24
112923,5640,1170
112933,320,3310
113034,9811,511
113060,14557,171
113066,274,44763
113105,6016,9067
113113,1016,1558
113123,2181,747
113138,11268,1609
113223,2455,4732
113358,5191,1987
113363,1685,4166
113383,2961,2000
113398,3822,2655
113460,898,1811
113480,7288,661
113498,1304,647
113587,35594,41
113605,811,412
113609,10673,417
113611,1069,19022
113616,3299,2626
113630,7725,2606
113661,20774,314
113740,3475,4808
113823,5647,381
113832,1245,6447
113844,2209,3161
113884,16093,437
113910,12348,416
113946,28357,372
113949,8279,608
113975,32310,47
114001,2235,1489
114020,5936,673
114055,24717,139
114090,7314,510
114102,12541,96
114180,922,173
114195,2422,1878
114248,175,2551
114255,2550,3268
114295,22506,183
114319,29,105353
114373,4809,1838
114399,2662,2473
114412,1956,4323
114486,20759,33
114511,16891,162
114608,2389,3775
114613,1966,2889
114707,773,43300
114721,1783,10303
114723,13921,543
114740,3419,3887
114760,2421,476
114863,59358,25
114864,6284,1321
114971,4230,365
114984,13731,59
114994,5983,1777
115009,1903,3472
115039,7879,1084
115047,10000,1577
115112,34128,49
115171,196,17787
115213,363,6347
115222,5646,6669
115241,25181,14
115273,44175,19
115307,6362,1189
115341,10889,470
115375,2015,2412
115426,29646,197
115457,9587,934
115467,10107,204
115519,34,35004
115520,16433,567
115595,20295,119
115602,12513,290
115606,22210,33
115626,4273,510
115642,10092,217
115663,4695,2010
115683,13151,288
115695,4506,3433
115727,24522,70
115749,8209,3619
115794,20302,146
115862,3441,6496
115984,26846,114
115992,41570,67
116052,11437,131
116068,2573,536
116080,4338,1134
116095,2228,320
116151,2578,147
116291,33569,24
116461,10859,895
116496,11043,274
116505,9934,1196
116564,8915,101
116571,10697,1116
116593,1307,2031
116598,70362,8
116628,5458,1352
116650,14901,175
116656,2774,2629
116715,59781,27
116727,21176,45
116822,2755,1909
116846,217,1021
116861,14858,73
116963,10354,13
116978,17769,420
117024,8911,2499
117043,1310,955
117110,34255,56
117243,1019,3885
117251,28672,64
117265,3730,2087
117278,10136,1797
117305,38786,125
117357,1178,4916
117360,20215,69
117375,7257,320
117376,5954,475
117377,33390,248
117378,6218,1135
117400,3416,4539
117417,4746,803
117422,18604,33
117519,71324,14
117576,12761,306
117664,9413,200
117691,4108,184
117816,5953,2145
117838,6121,337
117839,311,26012
117865,7585,139
117871,1083,3482
117876,8259,385
117885,2963,1552
117907,8881,333
117938,4240,1924
117950,2415,6507
118107,7202,532
118144,4015,976
118247,987,9424
118288,1900,7951
118305,5597,1686
118317,29938,186
118328,3734,4050
118329,11783,541
118363,8353,257
118381,2106,3057
118405,3115,836
118411,18862,221
118420,887,3402
118503,5122,1334
118507,5970,4722
118520,2161,9582
118543,314,4224
118590,4453,2354
118699,8718,1093
118707,3840,1467
118715,71124,17
118754,10924,312
118760,11353,1168
118778,1,9883
118789,6202,1085
118904,28419,154
118912,22321,187
118929,5837,310
119022,10013,97
119077,66998,26
119124,1199,3281
119151,70741,7
119203,2688,2756
119222,876,28557
119250,867,1913
119264,3992,176
119402,1171,2375
119437,106,25341
119465,43938,27
119528,2640,3174
119596,141,10908
119615,1627,18607
119634,1819,25317
119649,25738,39
119732,13025,41
119752,15172,252
119768,24495,33
119788,2524,796
119854,3296,252
119887,3049,5797
119923,8937,255
119942,338,3208
120028,2037,1150
120030,4824,169
120057,21509,201
120223,8147,97
120304,658,25425
120373,7189,1396
120430,6499,183
120443,2094,1849
120451,7160,1282
120461,2779,5140
120470,2346,16846
120503,45873,50
120515,1846,4186
120540,1650,1948
120559,1272,11787
120612,5956,40
120621,20300,262
120694,4193,444
120723,31089,434
120735,1906,13381
120743,17767,387
120750,11917,129
120882,2461,5866
120903,297,15665
120972,650,2198
121019,18623,40
121072,1552,6968
121101,7850,629
121102,10450,1230
121171,18213,355
121337,2647,360
121407,11517,107
121504,18,41772
121519,687,2283
121733,359,34971
121738,6485,292
121775,4843,1402
121803,418,4038
121817,69115,23
121899,385,1469
122062,569,4857
122070,2816,688
122074,4103,5814
122117,10268,516
122311,65,58745
122401,2545,1329
122446,10073,605
122460,2052,97
122491,2354,6478
122536,2400,4112
122614,3406,9718
122825,149,13658
122845,2497,2780
122846,10219,109
122868,3804,946
123078,23216,84
123128,1865,10492
123163,525,2787
123195,1996,636
123281,2953,1203
123314,144,23074
123329,27313,141
123383,9763,911
123422,1293,926
123458,8453,1063
123467,99,16295
123493,1271,3428
123506,7656,48
123523,26836,278
123611,7653,2183
123665,13842,421
123686,54995,18
123750,16289,245
123780,1702,4671
123815,14015,190
123904,760,3828
123932,2658,670
123974,27292,138
124014,797,392
124059,2021,10978
124065,12848,356
124115,3111,107
124129,421,6069
124149,35595,67
124164,4501,1043
124271,77,20647
124274,21844,50
124293,24,52949
124307,1478,2052
124340,19464,195
124375,6573,981
124392,6866,1522
124413,1208,33933
124414,201,8046
124446,22501,181
124497,2013,2236
124505,6223,306
124594,1482,204
124608,7821,243
124611,1425,13865
124698,2708,516
124757,44,52566
124772,5189,757
124808,1428,832
124854,779,6761
124919,46,9545
124943,5117,982
125008,1153,2912
125040,10987,270
125063,54756,29
125065,49798,2
125139,6789,146
125154,68,17821
125165,10524,128
125169,5978,1556
125175,3392,1543
125195,2251,10912
125196,22648,418
125203,7157,222
125204,5654,5797
125222,1090,6020
125226,3971,828
125240,1862,11395
125286,124,12328
125297,1816,1390
125362,57,28732
125398,9914,474
125432,1965,4279
125465,26114,84
125511,1804,9097
125519,21660,234
125574,3388,6009
125587,8951,238
125588,2232,315
125630,11433,2194
125698,6870,1537
125713,6588,1011
125730,20907,370
125737,203,4267
125755,6833,2560
125782,49807,8
125788,23532,74
125875,1813,395
125939,3385,2248
126023,16050,280
126068,3147,2184
126091,4089,135
126149,1848,3086
126176,85940,3
126265,123,30479
126287,10586,699
126296,5996,393
126306,111,6233
126392,6150,292
126452,419,9051
126565,3470,4647
126569,4525,1579
126628,2132,96
126632,6840,522
126688,1163,3009
126727,2483,4176
126788,171,4498
126918,2256,1859
126949,7829,985
126978,23530,115
126995,404,1850
127077,1196,5463
127110,27954,147
127115,20586,227
127121,28,25634
127135,748,22253
127223,5659,254
127269,2541,4596
127286,279,19704
127322,293,8850
127358,14186,824
127361,6932,1771
127364,55192,123
127401,3844,1324
127459,2981,346
127480,1386,2024
127518,9429,420
127533,12298,60
127556,2095,2348
127559,1033,7288
127571,13066,492
127607,4953,2453
127628,10729,336
127709,701,163
127728,7837,258
127743,4688,1799
127748,158,1188
127761,19095,32
127795,4773,1701
127828,8201,1010
127882,1123,13480
127901,434,7080
127950,25246,123
128087,13516,535
128089,6226,521
128157,1205,7426
128210,7223,725
128220,983,434
128247,3799,3323
128288,3809,4848
128317,1810,4090
128366,24710,46
128430,23624,264
128479,185,278
128556,2584,2062
128561,2644,1347
128683,4064,1656
128708,2287,4208
128731,2459,2017
128817,3670,4600
128838,343,3745
128843,6931,723
128888,11681,235
128916,2295,2335
128955,4732,538
128965,33034,55
128967,13483,232
128988,1464,4493
129024,566,3921
129048,11535,1004
129049,11716,340
129189,762,3533
129292,9212,380
129299,1172,865
129371,2179,1346
129436,3424,2878
129532,1128,1394
129572,121094,3
129605,2776,341
129748,122,3760
129778,1000,3537
129787,74374,34
129894,26397,231
129925,15709,233
129940,6468,1068
129972,1290,12788
129974,9388,1078
130072,4499,501
130200,1313,3748
130215,3007,298
130220,48662,19
130320,260,27571
130340,1152,8548
130425,9492,417
130470,30870,145
130480,2237,2217
130545,29829,64
130555,13285,129
130571,12086,467
130640,1092,3195
130699,12850,216
130721,348,21114
130747,1054,2317
130774,49280,50
130783,18555,598
130800,1365,13249
130918,5958,1928
130931,3543,9531
131021,1635,14205
131088,9826,80
131099,15379,83
131125,10922,58
131162,11686,191
131212,1265,20681
131271,2257,3893
131322,3178,1050
131326,7858,114
131475,42,2175
131514,27210,129
131543,277,11540
131545,92,56619
131568,350,16521
131598,3888,1793
131638,682,1410
131693,2396,4739
131772,974,15117
131773,3198,1840
131857,742,8461
131882,1479,22674
131896,19784,69
131983,16808,241
132022,117,95187
132042,1312,14861
132044,2097,896
132058,1807,27763
132059,3278,3951
132092,2851,2096
132117,3403,824
132121,2390,907
132158,6338,128
132160,10985,171
132166,3795,2518
132173,1157,10435
132323,448,8021
132339,13409,99
132381,1244,8254
132482,7016,311
132488,1189,13743
132551,2027,5469
132562,7089,2529
132591,10811,148
132707,627,14928
132737,7752,1429
132763,653,9195
132777,5656,511
132788,1028,1164
132830,1344,2006
132934,2750,907
132998,10582,2987
133050,9035,261
133240,6060,1324
133246,1916,7916
133286,8912,38
133391,11261,1080
133467,53616,45
133483,1168,4133
133489,3458,1324
133575,11306,433
133618,4296,66
133645,1241,24311
133719,2206,1132
133733,9008,458
133788,12906,408
133849,20409,123
133979,244,2843
134023,632,6529
134073,1972,5822
134099,2650,3505
134129,12396,431
134160,12,58218
134208,3044,1467
134212,23134,67
134240,3886,168
134260,7454,2249
134279,23737,115
134280,754,11493
134334,25418,230
134369,5289,4022
134371,3884,419
134387,29617,119
134425,7036,509
134452,4031,1150
134495,2939,4028
134559,7414,36
134796,4173,979
134915,6479,1547
134925,18003,249
134929,5193,987
134946,12880,163
135018,8877,1966
135028,89,8242
135031,5726,767
135182,16508,625
135310,4145,666
135327,29379,94
135367,3696,1003
135437,470,5874
135512,2061,56
135549,239,16889
135554,28276,116
135580,6030,128
135600,10692,911
135610,6013,545
135650,21289,204
135840,1214,6924
135849,1166,1742
135937,580,298
135944,5359,756
136006,30576,161
136030,5890,906
136058,2560,3226
136084,11771,1230
136148,7591,50
136187,409,5329
136191,9829,2224
136195,881,11900
136262,2716,1660
136323,6674,180
136389,150894,2
136585,30344,110
136588,303,1899
136595,437,7043
136597,900,3133
136676,5782,232
136762,2801,8929
136772,31099,20
136863,84,11663
136900,2265,2762
136982,2410,4397
136999,7992,912
137009,138,10661
137043,1502,1323
137083,11417,292
137130,6155,90
137216,2196,5294
137335,6372,354
137361,1067,7642
137513,45051,72
137553,400,831
137618,2275,3319
137806,13461,476
137839,884,54971
137851,6874,1181
137910,27861,47
137938,2580,626
137958,33487,45
138003,17105,240
138075,307,10211
138106,2989,3289
138135,13713,860
138187,3043,4044
138236,403,2686
138243,1285,5934
138285,6530,628
138303,48915,17
138372,44644,63
138388,11251,751
138522,3032,107
138658,5994,1006
138725,638,26542
138763,454,4179
138791,6865,218
138796,663,9136
138798,3537,645
138801,14673,244
138805,10102,465
138848,33053,48
138858,5121,1134
139059,3390,335
139138,2349,3682
139147,2652,3477
139179,4446,2593
139202,2864,459
139221,3842,2975
139253,8537,209
139265,19661,321
139285,3371,1579
139290,2863,1927
139354,64244,16
139379,3885,232
139422,168845,1
139439,15939,45
139547,3418,5760
139557,917,2828
139632,9430,111
139678,22009,295
139733,4155,752
139734,36936,241
139774,281,4473
139786,5461,805
139804,1752,565
139830,13036,433
139998,4482,140
140075,1363,29962
140085,5901,5245
140116,647,13418
140156,469,4868
140226,7800,270
140247,11095,502
140272,1624,23044
140339,1725,10305
140525,15429,111
140536,2218,12865
140600,33111,44
140663,19065,187
140708,2134,36540
140712,3434,4608
140713,6173,835
140725,26911,95
140758,11921,565
140760,64773,16
140761,47892,78
140811,6984,399
140895,1680,9208
140961,125,1893
141009,5220,4
141045,1280,5049
141051,92280,38
141082,1876,911
141086,697,3573
141087,3446,761
141158,2558,3914
141199,38169,111
141282,3453,1473
141292,9808,940
141381,4679,3439
141394,1718,610
141397,17624,55
141422,9468,401
141446,2184,18287
141454,9828,152
141458,37,35242
141466,6494,308
141545,41828,49
141592,3674,502
141635,3743,2917
141681,15803,36
141720,10125,445
141768,3954,546
141821,15839,86
141872,16733,256
141930,649,20181
141934,5842,307
142006,3397,498
142145,4292,790
142156,20576,70
142262,5354,2254
142269,42397,18
142274,6456,45
142278,13291,87
142300,133,6610
142377,5593,161
142418,2486,2604
142419,3244,2610
142429,43428,12
142435,26837,59
142512,9155,1734
142516,12961,195
142624,4181,5119
142694,4349,919
142695,20007,202
142713,26038,192
142734,1633,10336
142805,15590,117
142843,54,17512
142912,6951,305
142919,1803,12654
142933,1771,21
142958,1317,424
142987,31252,41
143009,2993,1833
143032,722,3161
143052,5982,4170
143133,25809,93
143147,3564,2541
143160,349,24538
143179,129667,7
143265,266,2986
143348,28250,24
143360,9491,510
143370,11422,432
143484,3863,1401
143492,23638,43
143543,7274,252
143575,10895,99
143596,15589,179
143599,4320,2122
143636,1486,18440
143725,6253,842
143896,899,5206
143976,393,7276
144050,1707,7446
144052,2183,3146
144093,6477,2017
144157,26237,132
144174,25059,271
144364,678,1687
144386,2828,3663
144418,1833,2415
144476,3430,2567
144484,23562,164
144501,1477,13473
144505,127,5822
144525,2859,752
144606,1555,7503
144634,143584,6
144654,2,71270
144725,2582,4024
144729,1518,8622
144750,3,74359
144774,4317,504
144782,8098,150
144969,17104,125
144978,13695,1120
144985,23009,280
145047,5,30799
145124,8067,19
145149,23261,161
145174,816,129
145194,12986,1680
145219,59890,72
145297,4242,73
145395,7614,252
145407,7724,213
145422,9595,58
145467,19981,375
145487,6489,574
145496,28662,56
145508,17934,170
145525,1405,2237
145622,3378,735
145710,27461,18
145776,1536,8857
145789,1440,1297
145800,17,64445
145819,3850,812
145839,6995,56
145871,4909,770
145897,12879,259
145928,6366,2083
145958,3261,2984
145985,6271,1399
146023,10356,600
146029,3421,2653
146092,31236,165
146100,79055,7
146101,1182,19140
146158,103429,5
146172,5769,182
146183,1570,3745
146210,49842,73
146216,16732,67
146233,932,1725
146309,1229,9932
146327,49,18189
146333,12979,303
146348,2281,4015
146352,3457,7579
146378,1288,9357
146511,19245,42
146529,2788,4405
146543,4672,4421
146652,2995,68
146725,4531,797
146729,24642,245
146731,1266,3024
146739,6936,960
146788,15880,549
146846,40535,23
146867,22914,308
146879,8245,161
146897,23726,259
146943,55796,3
147078,11008,1094
147165,11114,192
147210,2426,2734
147322,12110,160
147356,9192,568
147454,20244,280
147535,31680,58
147632,7666,255
147724,21680,197
147759,50338,5
147841,11007,486
147846,323,1852
147856,10916,92
147873,1626,10536
147883,4591,369
147892,1625,4273
147994,3238,10079
147995,13589,315
148022,1719,8033
148100,21385,253
148102,7874,452
148148,1579,5225
148154,8246,459
148167,4439,425
148184,8640,1871
148194,14099,83
148284,1228,1128
148313,969,9176
148359,29536,100
148388,1794,689
148419,5594,772
148453,3125,1613
148465,18231,235
148499,8314,2099
148555,4840,1202
148558,34466,83
148560,2178,10091
148563,21578,199
148584,5428,2036
148594,288,11757
148608,18157,273
148629,16112,295
148641,2189,605
148681,20865,141
148757,5678,673
148825,37747,15
148930,13871,182
149004,7090,405
149020,24756,91
149022,1103,19323
149052,3165,6684
149092,1381,10662
149178,1520,13396
149200,10988,521
149221,1350,14925
149348,43531,16
149392,5792,622
149397,12675,1049
149402,62635,85
149417,1398,8617
149426,588,441
149481,9069,993
149524,2873,3391
149570,13303,777
149604,262,13530
149607,9753,339
149671,98,31231
149780,20521,19
149794,6314,1246
149799,13583,52
149820,28655,93
149826,28949,42
149831,21022,75
149841,20696,142
149886,924,30783
149906,9298,357
149946,14436,658
150099,1617,1446
150102,902,1186
150138,9896,1249
150142,386,3047
150302,14668,204
150327,8836,1987
150367,22422,757
150391,6132,1353
150473,16635,385
150502,1226,17712
150518,18733,189
150523,7652,1495
150581,3227,266
150714,1836,7347
150747,157,1769
150793,3834,1501
150800,10126,773
150810,1971,2564
150812,41624,23
150827,857,7028
150836,8717,3164
150943,39420,221
151057,485,1030
151158,63,48045
151159,22765,178
151245,7260,82
151271,14517,103
151292,66629,61
151357,473,2648
151405,926,4370
151426,9903,1083
151572,5717,79
151666,863,8328
151707,6575,914
151742,26995,103
151743,30034,110
151744,3707,1751
151783,1911,2830
151826,2173,7749
151864,8269,222
151938,11759,451
151955,56665,45
152037,1186,3386
152053,35482,35
152139,1045,18496
152239,3142,1154
152296,4719,1953
152298,5918,602
152335,19408,66
152405,16760,1101
152509,1352,3503
152677,1349,1903
152768,4859,2559
152820,21353,77
152954,15294,520
153018,845,1118
153037,3312,2397
153040,2233,4369
153108,26466,72
153462,401,4560
153479,4697,746
153486,24283,117
153493,2664,440
153504,20076,35
153637,72059,9
153649,3621,645
153664,29955,81
153717,192,5631
153766,5952,3063
153775,10703,1809
153804,32290,109
153809,32250,25
153901,1289,9436
153941,4281,3676
153944,4662,5740
154043,2379,2862
154075,3005,3769
154104,2795,1456
154125,32111,154
154164,240,9203
154384,8438,5602
154389,37955,30
154419,1010,15875
154424,1798,1172
154436,37233,103
154548,17098,99
154574,1936,5977
154692,10906,333
154784,2951,3076
154796,1297,38916
154802,114,6642
154824,21161,152
154884,42030,56
154912,1283,21786
155053,4743,2123
155130,16275,31
155131,7750,1031
155174,5146,1358
155181,3869,7044
155205,4052,806
155259,962,1975
155334,376,3024
155351,15006,81
155421,4228,258
155437,20986,116
155476,31,4197
155514,20072,133
155558,3260,250
155590,5260,899
155703,3950,90
155760,6769,1341
155780,1376,1808
155860,1371,9433
156125,12085,214
156148,13046,560
156167,1987,482
156169,13250,1268
156250,37070,27
156260,461,6742
156308,14621,386
156320,1648,3944
156376,866,5393
156398,16398,425
156447,61278,65
156504,633,21906
156514,15585,109
156708,21950,327
156914,97,4611
156916,10848,375
156928,9509,279
156949,47702,59
156950,2868,394
156995,9041,415
157007,3489,641
157030,2424,224
157197,10057,447
157244,12405,76
157359,9274,182
157492,22465,56
157495,22265,10
157600,42097,54
157685,2919,5889
157720,65057,67
157724,4618,1856
157725,1364,28894
157765,96,10997
157834,7296,327
157837,215,2137
158022,2479,553
158050,2212,8278
158181,202,5454
158194,5065,2907
158223,4071,2744
158385,145,43228
158405,253,8769
158419,1980,947
158421,2724,969
158435,11156,127
158531,280,32404
158601,23738,108
158745,2923,10628
158771,1460,3358
158809,1628,7030
158852,14924,203
158904,142,9248
158940,23179,361
158953,11594,461
158960,11,26219
159017,128,5102
159059,914,1713
159064,3116,1446
159096,4753,2777
159104,2202,1255
159137,3047,312
159161,8927,512
159174,5156,301
159204,852,23841
159244,6242,1198
159277,23636,274
159311,11918,482
159379,2732,1466
159413,3014,1496
159431,41,24510
159511,16545,361
159546,1212,26452
159560,493,4366
159566,3168,2666
159618,1197,13142
159692,17618,124
159722,8486,139
159790,7794,361
159807,6921,264
159845,10580,2413
159907,999,1444
159910,998,5480
159958,12053,475
159984,2261,2918
160058,12579,531
160110,1998,1238
160118,3461,5663
160151,2102,9738
160244,20336,58
160257,2984,1580
160262,2266,2397
160331,2862,2124
160398,22351,135
160553,11619,356
160589,67197,1
160762,44652,159
160808,5767,3000
160854,2745,919
160914,20912,238
160939,2480,6331
160951,38196,25
160967,36608,25
160987,2893,2956
161062,10818,724
161079,12324,239
161113,71329,48
161137,2226,2963
161154,3030,755
161329,29866,267
161443,352,2591
161481,1951,1552
161482,1007,6568
161565,5740,129
161614,12918,95
161645,12099,69
161668,6063,678
161670,39,437
161705,8196,2391
161773,255,37840
161879,163,5851
161976,20459,261
161995,478,8293
162004,3816,2389
162028,3442,1215
162030,1796,6971
162062,5451,1194
162106,1176,15996
162182,5770,330
162192,2110,5726
162335,9775,1489
162371,2442,3201
162372,431,6509
162434,20795,691
162485,1110,7719
162529,6600,1538
162546,11133,146
162578,413,16935
162600,7052,924
162660,1224,10913
162688,1198,4794
162716,2566,1219
162743,22418,198
162823,855,2653
162836,5053,739
162850,7906,260
162855,1125,8529
162875,5107,198
162933,1867,4571
162968,18236,225
163071,1634,2481
163075,3533,2074
163089,3157,115
163144,7808,388
163151,15168,143
163160,8993,1550
163163,37044,79
163173,135,4337
163200,1002,23193
163218,111628,2
163305,1237,16140
163419,3133,1933
163451,2827,3242
163454,5175,2338
163465,3678,3795
163504,4856,1290
163526,24842,54
163601,34941,45
163627,10210,314
163631,14530,295
163644,13295,76
163648,1473,4228
163675,1262,3133
163684,16551,466
163779,23280,346
163883,22649,86
163886,11149,652
163942,36046,40
163994,619,713
164007,8258,461
164010,3267,546
164017,629,6983
164021,34092,94
164090,9913,1032
164199,20415,704
164261,372,2450
164264,2127,1037
164268,3155,547
164336,80173,5
164466,1534,16318
164468,14715,693
164494,12922,254
164600,28152,106
164663,159,15359
164711,2790,3762
164834,209,2137
164960,5628,292
165021,15211,110
165026,11702,290
165027,12545,257
165034,8981,274
165047,118,23720
165060,93,68522
165081,2324,2806
165086,1497,12485
165132,1953,6699
165136,1561,2468
165140,12160,613
165157,3786,148
165257,1210,8658
165304,26719,57
165345,54860,11
165361,7033,1717
165362,1311,4175
165364,2267,1860
165378,16708,156
165384,6203,2384
165463,3363,225
165494,2861,4928
165574,925,2569
165702,337,20157
165793,13552,48
165827,7082,1155
165841,15134,115
165874,2120,10775
166015,10295,650
166029,2025,138
166032,8298,312
166079,4016,3037
166157,75,5017
166167,15262,151
166174,4974,1866
166314,640,2257
166325,859,3483
166384,14734,592
166400,2791,1716
166413,5020,210
166435,412,6669
166448,12329,80
166461,232,2909
166470,3029,606
166530,3601,3148
166536,25243,17
166553,22892,115
166557,9140,1479
166580,2149,1247
166600,16058,233
166614,1180,3887
166663,1678,1371
166748,1113,4296
166775,1035,1068
166803,2922,1889
166851,30564,50
166859,9059,2859
166886,391,6339
166931,6981,462
166935,72958,16
166942,2619,1589
166977,3810,1677
166979,103731,11
167041,5522,2514
167108,4825,630
167196,1869,1788
167205,13892,418
167248,41608,70
167274,11413,310
167325,15811,336
167334,1393,1836
167356,1273,10085
167434,39415,40
167448,165400,1
167522,194,6874
167564,1086,5048
167609,22690,24
167638,15177,80
167663,26721,335
167723,28154,224
167724,388,6932
167754,26718,61
167756,2099,3401
167814,426,21111
167831,6570,1473
167893,2376,697
167940,5626,552
168008,3727,1324
168019,1410,1819
168062,15227,615
168161,1666,2577
168201,1314,8148
168246,11063,126
168282,2268,3191
168304,16638,121
168369,2879,3322
168422,655,26610
168439,207,4060
168473,55437,18
168476,1042,4452
168478,237,34580
168497,1342,12335
168519,6699,645
168636,1170,2927
168666,14888,250
168748,20412,148
168772,294,11004
168780,3090,1416
168880,11150,472
168999,6285,902
169114,10735,461
169159,10968,1212
169206,501,18121
169222,896,7939
169246,15101,138
169257,8386,701
169258,1167,569
169267,7002,438
169341,1137,159
169380,10302,341
169404,711,880
169412,20495,173
169422,36380,58
169570,3853,1249
169658,825,938
169665,10275,284
169691,1029,6205
169732,5067,2254
169741,9822,255
169780,10478,608
169791,22496,207
169826,26081,36
169855,3873,2041
169874,1671,1771
169879,7857,3450
169929,9841,184
169955,10782,56
169964,17616,761
169976,15994,69
170007,54455,21
170018,10936,287
170022,10424,685
170063,14857,1621
170125,10817,449
170176,7018,3746
170187,9978,1783
170188,7115,1491
170204,724,8971
170228,4217,276
170237,4870,775
170289,3323,8103
170487,20367,99
170498,1336,273
170507,1325,2914
170516,1793,1165
170533,14119,76
170548,7159,3042
170557,8817,328
170587,19309,193
170627,664,8592
170677,358,5279
170729,8182,518
170818,3555,3722
170882,4710,306
170887,1239,10602
170950,246,30934
171058,7,30321
171271,1159,2849
171305,15823,186
171458,3513,7489
171640,1332,16478
171692,9624,1778
171740,6920,301
171777,6557,1888
171870,3425,3961
172103,143,3858
172139,3084,3279
172225,2105,3045
172266,12178,2157
172319,8406,476
172345,5485,1037
172364,7126,1903
172374,4698,55
172411,80390,16
172415,5298,297
172476,2169,3827
172487,1769,1043
172523,25902,247
172588,6869,133
172593,130,60831
172609,25381,317
172639,9150,772
172642,347,2928
172670,2448,613
172796,3828,1231
172822,3970,380
172834,256,7219
172850,4154,3143
172909,9159,567
173043,849,9653
173054,3593,1704
173066,11280,410
173115,3460,134
173180,1568,768
173262,28002,66
173263,5142,197
173345,3745,1579
173372,14579,376
173382,11398,721
173403,12108,468
173432,4676,1401
173453,7907,1621
173549,5818,5302
173622,8715,920
173648,5405,1055
173770,115,28765
173818,10213,1344
173847,370,8347
173997,1488,3186
174003,3627,1831
174202,12977,159
174263,3868,335
174299,761,2137
174368,1409,1970
174428,24517,103
174456,8153,846
174502,9405,1375
174562,1057,1340
174570,3199,383
174574,31268,101
174665,14108,600
174672,6141,712
174678,1969,6555
174770,2572,693
174792,4854,1255
174817,165912,4
174841,18343,240
174870,14958,145
174878,13659,402
174917,6355,2230
174945,219,1402
175045,8177,144
175061,17253,170
175085,27020,50
175108,3507,466
175137,10819,93
175163,17646,188
175231,1269,73016
175389,157998,11
175401,20182,72
175423,11782,197
175435,21468,166
175454,15646,234
175467,21213,123
175482,9065,1765
175499,364,6429
175722,5484,580
175798,486,889
175826,2684,4817
175854,41303,93
175900,11135,365
175964,20268,200
175988,27474,58
176024,6496,3047
176033,2760,2683
176046,50,123040
176062,3874,261
176063,1485,2270
176073,18834,192
176080,3411,2346
176128,186,11523
176352,22835,461
176415,4360,6269
176454,9201,356
176519,5251,2779
176532,834,2107
176547,1554,1459
176601,10954,62
176608,1765,1735
176652,235,88814
176704,23447,131
176713,14394,69
176730,7144,478
176782,6875,354
176783,1746,1124
176836,5841,1749
176882,4054,645
176989,9433,173
177056,222,724
177060,2129,691
177066,22259,50
177067,5590,374
177151,268,20486
177239,1021,904
177280,17092,51
177324,1754,303
177353,34274,72
177356,18164,156
177359,2579,1112
177415,9955,77
177454,9582,228
177467,61134,12
177480,1435,799
177482,11982,143
177539,1614,5079
177553,7175,130
177563,12164,350
177564,3802,2569
177660,8472,203
177763,1191,30787
177844,35798,53
177963,5894,529
178059,24956,90
178072,12942,1003
178152,25213,57
178270,4976,1030
178310,3789,801
178333,52454,22
178334,1422,1456
178442,22519,875
178492,883,1796
178536,47209,44
178555,7027,1519
178680,3825,2824
178749,2412,1809
178754,4572,976
178791,7741,158
178859,1389,12376
