,pid,name,num_followers
314,822314,going out,1
595,822595,FALL '16,5
608,822608,content,1
1129,732129,Rap,1
1405,732405,Woods,1
1483,732483,80s,1
1796,732796,R&R,1
1892,732892,old chill,1
2001,205001,blu,1
2482,205482,september,1
2952,205952,Yes,2
3035,191035,hmmmmm,2
3110,191110,Workout Mix,1
3175,191175,Sad,1
3565,191565,Trap Music,1
3585,191585,Contemporary Christian,1
3632,191632,lazy sunday,1
4095,299095,countryðŸ˜,1
4173,299173,Deep House,1
4298,299298,Hip Hop Workout,1
4540,299540,Outlaw Country ,1
4581,299581,upbeat,1
4889,299889,Ratchet,9
5453,583453,Happy Songs,2
5759,583759,Jealous,1
5879,583879,summer 17,1
5980,583980,remix,1
6282,270282,worship,3
6809,270809,Covers,1
6854,270854,Various Artists â€“ Christmas Hits,1
7244,412244,GYM,1
7573,412573,car playlist,1
7659,412659,Christmas 2015,1
8006,73006,party up,2
8181,73181,Classics,1
8305,73305,GOOD JAMS :),3
8776,73776,Happy Hour,1
8999,73999,october,4
9544,624544,electro,1
10177,232177,yep,1
10288,232288,classical music,1
10699,232699,Litty,1
10955,232955,Drake ,1
11425,250425,techno,1
11472,250472,2014,1
12012,433012,All the Feels,1
12106,433106,September,1
13902,972902,one,1
14724,503724,Boating,2
14835,503835,woop,1
14992,503992,rihanna,2
15027,24027,Jake,1
16022,456022,Jazz,1
16553,456553,Wedding Songs,4
17999,38999,Move your Ass,1
18235,330235,Songs to Learn,1
18572,330572,progress,1
18738,330738,WORK OUT,1
18762,330762,Lets Go!,3
18969,330969,Everyday,1
19498,533498,feb 15,1
19578,533578,Slappers,2
19625,533625,Teen Angst,1
19699,533699,get down,1
19727,533727,Bachelorette party,1
20486,323486,Good morning,2
20801,323801,#selfie,1
21030,565030,2000s,1
21295,565295,ELECTRO-SWING,1
21554,565554,for mom,1
21718,565718,Oof,1
21735,565735,girls,1
21851,565851,Christmas Playlist,1
22551,107551,funky town,1
22699,107699,MY RAP ,1
23007,313007,trap,1
23456,313456,Jacob,1
23711,313711,Alternative,1
24356,670356,not rap,1
24681,670681,roadtrip,1
27374,599374,Under the Stars ,2
28134,951134,chill rap,1
28287,951287,Running,1
28436,951436,work,1
28453,951453,flow,6
28624,951624,wedding music,1
28658,951658,real,2
28766,951766,beatz,6
29067,122067,Anthony Hamilton,1
29160,122160,Pop Hits,2
29516,122516,Latina,2
29876,122876,Best Songs of All Time,2
30073,247073,Flying high,2
30149,247149,Mad Men,1
30773,247773,chili,1
31279,865279,Island,5
31497,865497,lmao,1
31689,865689,Gaming,1
31727,865727,vibing,2
31872,865872,feels,1
31986,865986,pumped,1
32060,92060,the 90's,4
32535,92535,summer 16,1
33161,208161,ooo,1
33332,208332,Choreography,5
33454,208454,Hip-Hop/Rap,3
33486,208486,Project,1
33985,208985,Luke Bryan Concert,1
34145,207145,shower,2
34397,207397,beach,1
34504,207504,5FDP,1
34517,207517,Dumb,1
34764,207764,party,1
34927,207927,New Country,2
35574,715574,Garbage,1
35706,715706,Nice,8
35734,715734,one direction,1
35926,715926,Country,1
36139,768139,RG,2
36194,768194,Indie.,1
36272,768272,First Dance,1
36284,768284,yeah,3
36305,768305,Dance Hall,2
36456,768456,Chill,1
37167,344167,nite,1
37492,344492,olivia,1
37563,344563,jazz,1
37790,344790,Turn Up !!!!!!!,1
37985,344985,Happy songs,1
38914,553914,New music,1
38940,553940,tu,1
39249,384249,Fall 2017,1
39627,384627,moody,1
40387,256387,Folksy,1
40711,256711,Warm,1
40736,256736,Pre-Ceremony,1
41000,130000,Cool songs,1
41009,130009,Workout.,1
41600,130600,soak,1
43551,713551,chill,1
43980,713980,improv,1
44002,461002,Vibes,3
44009,461009,worship,1
44032,461032,Spanish,1
44043,461043,Rollin,1
45804,486804,snooze,1
46224,69224,HEAVY,1
46342,69342,trap,1
46372,69372,80's,1
46669,69669,The drive,4
47071,903071,spanish,1
47317,903317,Nye,1
47486,903486,OLD TIMEY,1
48027,703027,SS,2
48509,703509,Christian Jams,1
48582,703582,November,1
48683,703683,DISNEY,1
49084,436084,zzz,1
49234,436234,spanish,3
49444,436444,Soul,1
49655,436655,Old school Mix,3
49888,436888,2017,1
50182,57182,Band Playlist,1
50183,57183,Chill Out,1
50472,57472,Chill,1
50841,57841,Dope,1
50998,57998,ChristmasðŸŽ„,1
51495,301495,Kool,1
51825,301825,word,1
52784,210784,rachet  ,4
52853,210853,gangster,1
53193,95193,Chicago,2
53600,95600,yee,1
54614,363614,Funeral,2
54701,363701,folk punk,1
55361,54361,Chill,1
55624,54624,Oldies but Goodies,1
55757,54757,ROADTRIP,2
56790,591790,era,1
57898,589898,CAR LIST,1
57991,589991,Rock out with your cock out,1
58307,304307,I like this.,1
58404,304404,turnup,3
58470,304470,plane,1
58537,304537,Stressed Out,1
59209,139209,Step,3
59767,139767,My Classics,1
61178,977178,halloween,1
61397,977397,Jack,1
61768,977768,run,1
62376,808376,Jammin',1
62404,808404,For Him,1
62939,808939,Julia,1
63120,353120,Rain,5
63162,353162,Drive,1
63211,353211,Happy Day,1
63247,353247,Now playing,1
64685,376685,Chillaxin,1
65131,272131,Instrumental,1
65617,272617,shower,1
66736,510736,On My Mind,1
67001,734001,Ohio,1
67367,734367,Party,1
67532,734532,Classic Hip Hop,1
67879,734879,80's,2
67942,734942,Rap,1
68684,618684,where is my mind ,1
68732,618732,Throwback,1
68822,618822,jams,1
69102,515102,worship,1
69994,515994,Linda,2
70066,830066,summer 2016,1
70520,830520,Lista oficial Sense8,1
70569,830569,Christian,1
70985,830985,Techno,1
71410,526410,Eagles,1
71531,526531,Best of 2015,1
72441,265441,beach ,1
72644,265644,grad party,2
73444,945444,Relax,1
74133,980133,Autumn Leaves,2
74242,980242,work,1
74430,980430,oldies,1
74665,980665,African vibes,1
75361,590361,Christian,1
75562,590562,fin,1
75603,590603,Just chillin.,2
75636,590636,princess.,1
76229,198229,Jams,1
76306,198306,Beachin,2
76525,198525,lit,1
77311,760311,Hippity Hop,1
77658,760658,shower,1
77825,760825,13 Reasons Why,3
77873,760873,clean workout,1
77928,760928,Roma,1
78056,868056,Wedding Playlist,2
78967,868967,gangsta,1
80000,835000,turn up music,2
80057,835057,Autumn,1
80132,835132,Metal Mix,1
80797,835797,Study Music,1
81435,218435,Dinner ,1
81664,218664,Ceci,2
81785,218785,slow songs,3
81882,218882,Workout,1
82007,504007,Happy ,3
82431,504431,Lake,3
82451,504451,2015,1
82746,504746,new stuff,2
82874,504874,Zzz,1
83024,525024,Twerk,2
83145,525145,Rock,1
84123,317123,soundtrack to my life,1
84174,317174,Sleeeeep,1
84298,317298,PNW,1
84326,317326,wedding,1
84393,317393,Rap,2
84616,317616,Musica,1
84683,317683,Pop Rocks,1
84872,317872,Elevate,1
84996,317996,alternative,2
85007,371007,Work from Home,1
85173,371173,Spice,2
85193,371193,Pipe it up!,2
85302,371302,litðŸ”¥,2
85590,371590,Worship,2
85889,371889,Favorite,1
85904,371904,February 2016,1
86157,666157,Mornings,1
86623,666623,Songs I Love,1
86792,666792,anime,1
87728,109728,disney,1
87945,109945,litty titty,1
88293,996293,random,2
88527,996527,Fire,1
88866,996866,U!S!A!,1
88888,996888,My Soundtrack,2
89194,588194,Savage ,1
89485,588485,Playlist One,1
89710,588710,june 2017,1
90246,836246,Worship Music,2
90329,836329,Country :),2
90527,836527,Sarah,1
90594,836594,May 2016,1
91076,819076,CASH,1
91150,819150,EDM MUSIC,6
91415,819415,Country,5
91443,819443,Dad,1
91857,819857,JAMS,1
91910,819910,Summer 2014,1
91989,819989,Wedding Dancing,1
92294,620294,work,1
92946,620946,spanish jams,1
92974,620974,Rave,2
92999,620999,Bali ,1
93071,731071,Wanderlust,1
93207,731207,Chill,1
93292,731292,sunset,1
93782,731782,Summer Party,1
94068,664068,simp,1
94351,664351,Country,1
95360,856360,AM,2
95687,856687,fall '17!,1
95918,856918,Fox,1
95957,856957,Rap,2
96613,449613,Bachelorette party,1
96690,449690,rock,1
96891,449891,Recents,1
96892,449892,Salsa ,1
96943,449943,ur mom,4
97183,228183,bored,1
97329,228329,YES,1
97511,228511,FAVOURITE!,1
97571,228571,Cocktail Hour,1
98053,516053,ðŸ”¥FireðŸ”¥,1
98215,516215,road trip,1
98352,516352,Summer,1
98649,516649,Random,1
98705,516705,outlaw country,1
98728,516728,Future,5
99241,697241,Summer ,1
99422,697422,dance,1
99491,697491,SUMMER,1
99548,697548,Christmas 2017,1
99859,697859,English,1
100125,316125,Bachata,1
100301,316301,2000's,1
100466,316466,Throwback.,1
100542,316542,Throwback,1
100857,316857,Classics,1
101132,784132,work playlist,2
101289,784289,Acoustic,1
101529,784529,Summer 2013,3
101560,784560,This is Love,1
101610,784610,cute,1
102322,281322,levi,1
102855,281855,Work out,2
102877,281877,Discovered Weekly,1
102926,281926,Running,1
103370,80370,Chill,1
103401,80401,Study,1
103721,80721,Backyard ,1
104100,167100,Yassss,1
104784,167784,Morning Mix,1
105142,622142,blah,2
105637,622637,Kid Friendly,2
105967,622967,music i love,2
106313,442313,Feel Good Music,2
106350,442350,Hollywood undead,1
106733,442733,Timba,1
106937,442937,All I Need,1
106948,442948,Pop,1
107009,660009,Rainy Days,1
107884,660884,Car Rides,1
108184,667184,workshop,1
108367,667367,kim,1
108920,667920,Top 50,1
109334,452334,2015,2
109468,452468,Tunes,1
110378,34378,Sarah's Playlist,1
110474,34474,My top songs,2
110855,34855,Christian Music,1
111452,279452,Jesus Music,1
111917,279917,nap time,1
111938,279938,today,1
112193,569193,Scores,1
112692,569692,Supernatural,1
112782,569782,girly,1
112874,569874,LA,1
113957,594957,ðŸ¤™ðŸ½,3
114087,935087,Purple Haze,1
114185,935185,90s Rap,3
114413,935413,Vibes,2
114878,935878,Afternoon Acoustic,1
114901,935901,Christmas,1
115282,482282,OCT,1
115660,482660,WORK WORK WORK ,1
115877,482877,~party~,1
116204,4204,chill,1
116302,4302,Oldies,2
117120,182120,2014,1
117510,182510,RAGE,1
117965,182965,Alone,1
118003,957003,Dallas,1
118188,957188,study playlist ,1
118429,957429,Disney Songs,1
118555,957555,Solos,1
118648,957648,Clara,1
118833,957833,Mix,2
119306,110306,Fly,1
119343,110343,PARTY,3
119376,110376,Dub,1
119547,110547,Calm music,1
119665,110665,Country summer,1
120518,637518,zen,4
120610,637610,Country favorites ,1
120645,637645,mixtape,2
120660,637660,R&B,1
120924,637924,Thinking of You,2
121499,424499,Party!!!,1
121887,424887,Party Playlist,5
122669,844669,Lil Dicky,2
122757,844757,lol,1
122839,844839,Blake,1
123036,235036,yoooo,2
123043,235043,Baby Shower,1
123623,235623,BeyoncÃ©,1
123663,235663,November 2016,1
123972,235972,Spanish,1
124850,746850,workout,1
124865,746865,Disney ,1
125068,802068,Rap,1
125249,802249,Up North,1
125359,802359,cardio ,1
125472,802472,Rock Classics,1
125550,802550,BEAUTIFUL,1
126219,103219,Magic ,1
126283,103283,Yoga,1
126371,103371,SHRED,1
126680,103680,fire,3
126750,103750,rb,1
126865,103865,John,1
126914,103914,sad love songs,1
127768,982768,Christmas,1
127838,982838,oldies,6
127860,982860,Car Ride,1
128348,67348,Spring 2015,1
128520,67520,tbt,1
128818,67818,SUMMER 2016,1
129096,374096,Reggae,2
129293,374293,Ej,1
129388,374388,All songs,1
129449,374449,Christian,1
129514,374514,Our Playlist,1
129797,374797,California,1
129816,374816,boat,2
129839,374839,GirlBoss,2
129997,374997,oldies,1
130046,31046,feelings,1
130048,31048,april,1
130414,31414,Various Artists â€“ The Secret Life Of Walter Mitty,1
130570,31570,Old School,1
130859,31859,Top 10,1
130911,31911,hip hop,1
131186,45186,BBQ,1
131312,45312,driving music ,1
131372,45372,PILLOWTALK,1
131633,45633,FUN STUFF,2
132097,735097,Songs I like,1
132112,735112,Sunday,1
132143,735143,bab,1
132697,735697,ðŸ‘…ðŸ’¦,1
133017,375017,Rock n Roll,1
133036,375036,pop,2
133370,375370,songs i like,1
133843,375843,yeet,2
134473,928473,Beach,1
134824,928824,#30.,1
134872,928872,Lit,1
134951,928951,Aye,1
135415,257415,Instrumental,1
135417,257417,favorite,1
135901,257901,revival,5
136000,873000,piano,1
136243,873243,disney !!,3
136385,873385,My music,2
136805,873805,Party,1
137125,979125,Room,1
137147,979147,Ignant,1
137471,979471,spring '17,1
137622,979622,Shut up and listen,1
138489,431489,good songs ,1
138998,431998,2pac,1
139031,268031,oldies,1
139742,268742,Go to ,1
140694,652694,Whoa ,2
140979,652979,car jams,1
141170,700170,Rap jams,3
141366,700366,dance,4
141477,700477,NF,1
141919,700919,old rap,9
141996,700996,Fun,1
142287,643287,Main ,1
142443,643443,Kanye,2
142445,643445,fav rap,1
142869,643869,Disney,1
143291,108291,relax,3
143353,108353,Teen Angst,3
144423,417423,good sounds,3
144630,417630,gaming,1
144758,417758,LETS GET LIT,1
145028,82028,work in progress,1
145035,82035,Old school,1
145047,82047,good shiz,7
145288,82288,shower,1
145874,82874,Dutch,1
146099,221099,SOUNDTRACK OF MY LIFE,2
146675,221675,summer '17,1
147335,709335,Workout! ,1
147689,709689,chillin,1
147883,709883,Yoga 5,1
148214,942214,WORKOUT,2
149046,711046,Worship,3
149156,711156,moosic,2
149208,711208,Groove,1
149247,711247,Vibes,1
149728,711728,mi amor,1
150065,223065,Summer2k17,2
150146,223146,MÃºsica en espaÃ±ol,1
150575,223575,reggae,2
150819,223819,winter 16,1
151320,595320,Random,2
151448,595448,Chillin,2
151652,595652,good morning,1
152059,729059,ritmo,2
152470,729470,stoned ,1
153127,562127,Twerkout,1
153223,562223,TBD,1
154403,727403,Driving,1
154410,727410,dark,1
154456,727456,party,1
154719,727719,Pumped,2
154779,727779,Summer.16,3
155856,513856,Be Happy,1
156052,693052,JAM SESH!!!,1
156160,693160,Patience,5
156850,693850,animal collective,2
156973,693973,Reggae rock,2
157172,985172,Nostalgia,1
157812,985812,good stuff,3
158784,289784,Inspiration,1
159180,520180,90's country,1
159208,520208,alexa,1
159758,520758,Roots,1
160888,138888,Bars,2
161003,179003,Black music,1
161291,179291,Get Low,1
161512,179512,Summer jams,1
161692,179692,Chillz,3
161781,179781,Power,1
162012,636012,fall2017,1
163009,912009,chill,1
163022,912022,GIRLZ,1
163045,912045,RUNNING,1
163079,912079,sad songs,1
163234,912234,Driving,3
164236,85236,feels,2
164308,85308,Rap,2
164461,85461,2015,1
165071,815071,LITTY,1
165380,815380,Drake,1
166118,679118,oldies ,1
167141,959141,Summer2017,2
167400,959400,Choreo,3
167855,959855,Love Making,1
168047,831047,4U,1
168929,831929,Old country,7
169848,604848,Blues,1
169884,604884,feb$,1
170137,418137,Summer 13,1
170279,418279,moody,1
170305,418305,NOLA,3
170430,418430,La La La,2
170513,418513,Thinking About You,1
170958,418958,pump up,1
170964,418964,Booze Cruise,3
171555,714555,FALL,1
171997,714997,R&B,1
172011,20011,Chill,1
172281,20281,shameless,1
172349,20349,rock,1
172482,20482,FALL,1
172658,20658,my love,3
173248,188248,christmas ,1
173343,188343,00s,3
173677,188677,dancehall ,2
173872,188872,Hope,1
174527,40527,505,4
175027,159027,roof,2
175204,159204,2014,2
175291,159291,Variety,2
175376,159376,bumpin,1
175527,159527,throw it back,1
175535,159535,ay,1
175815,159815,French songs ,1
175955,159955,gym,1
176060,233060,Mango,1
176299,233299,Fun Mix,1
176325,233325,Throwbacks ,1
177041,329041,sleepyhead,5
177552,329552,party,1
177567,329567,XD,1
178400,271400,Summer Country,1
179481,58481,instrumentals,1
179785,58785,all,1
180226,947226,Kay,1
180603,947603,SUMMER,1
180789,947789,woo,2
180885,947885,Old school rap,1
181128,176128,new country,2
181184,176184,âš¡ï¸,1
181470,176470,R&B,3
181989,176989,country,1
182640,563640,Jesus Culture,1
182642,563642,make out,1
183254,63254,Banda 2016,123
183723,63723,chill,1
183906,63906,50/50,1
184044,550044,Bae,1
184170,550170,Catwalk,1
184197,550197,2015,1
184528,550528,Good Stuff,1
184827,550827,musicals,1
185615,35615,long run,1
185618,35618,rock,1
186591,918591,"deprESSION :,)",1
187381,59381,sunday morning,2
187821,59821,Chill vibes,1
187892,59892,sad,3
187992,59992,Melancholy,2
188369,780369,New Rock,2
188594,780594,Rock Out,9
188652,780652,Countryy,1
188854,780854,HYPE,1
189250,876250,Soothing,2
189383,876383,Kk,1
189816,876816,March 2017,1
191249,260249,Rap,1
192236,661236,Line Dances,1
192639,661639,gospel,1
192741,661741,Earworms,1
193097,577097,Teresa,1
193242,577242,hey,1
193591,577591,discovered,1
193706,577706,#TBT,3
193870,577870,Good Times,1
195050,976050,The Piano Guys â€“ The Piano Guys,2
195133,976133,Happy,1
195703,976703,the classics,2
195706,976706,car,1
196096,306096,Check It,4
196203,306203,yellow,1
196461,306461,Bad Day,1
196886,306886,a playlist ,1
196888,306888,main,1
196916,306916,Zydeco,1
197535,474535,All the Feels,1
198157,847157,Hype,2
198210,847210,haus,1
198237,847237,Overflow,6
198278,847278,Obsessed,1
198438,847438,my songs,1
198498,847498,10k,1
198577,847577,car playlist,2
198833,847833,selena Gomez,3
199291,410291,road trip,1
199560,410560,Set,1
199583,410583,Sons of Anarchy,1
199671,410671,Instrumental,1
199752,410752,Fav Oldies,1
199790,410790,God,1
200240,973240,Homework Playlist,1
200703,973703,Caravan,1
200996,973996,ðŸ‘ðŸ¼,1
201149,91149,dance,1
201474,91474,Baby Love,3
202220,556220,Movie Themes,1
202288,556288,valentine's day,1
202418,556418,Wrap,2
202671,556671,emotion,1
203521,405521,50's,1
203604,405604,Happy,1
203649,405649,Joy,3
203847,405847,roots.,1
204119,690119,Summer,1
205056,65056,â™¥ï¸,1
205243,65243,reggeaton,1
205676,65676,Acoustic,1
205816,65816,Bobby ,1
205829,65829,Western,3
205847,65847,sexy time,2
206250,765250,summertime,1
207141,505141,Download,3
207454,505454,Bumpin,1
207461,505461,Panty Droppers,1
208063,457063,no shame,1
208646,457646,BUMPIN',4
208820,457820,SKA,1
208878,457878,90ies,1
209311,963311,DTF ,2
209538,963538,Funk,3
209743,963743,WOW,1
210635,194635,Disney,3
210891,194891,intimacy,2
211056,669056,vday,1
211298,669298,best songs,1
211916,669916,jams ,2
212125,771125,Current,1
212267,771267,head bangers,1
212270,771270,Werkout,1
212705,771705,oldies but goodies,1
212953,771953,Young Blood,2
213694,797694,April 2014 ,1
213744,797744,Beach Trip!!,1
213837,797837,chill,1
214931,168931,Summer 2k15,1
215371,839371,workout songs,1
215665,839665,Instrumental,1
215885,839885,Cruisin',1
216085,62085,basketball,4
216284,62284,Get it on!,1
216470,62470,â¤ï¸,1
216630,62630,Road Trip,1
216737,62737,Sad Rap,1
216748,62748,Avery,1
216832,62832,Christmas Playlist,2
217260,56260,Good morning ,1
217495,56495,2017,1
217638,56638,paris,1
217762,56762,jackson browne,1
217907,56907,Offline,1
218414,195414,alternative,1
218802,195802,rap 2,1
218956,195956,Regg,2
219301,534301,Blue Monday,1
219467,534467,run 3,3
220372,581372,run,1
220685,581685,Rock,1
221179,686179,Just a playlist,1
221250,686250,Morning,1
221290,686290,Christmas,1
221410,686410,Bored,2
221449,686449,hype,1
221619,686619,Christmas Music,2
221897,686897,FYE,2
222102,511102,the,1
222279,511279,80's,1
222314,511314,vin,1
222563,511563,Te Amo,1
222628,511628,the good stuff,2
222808,511808,Never Gets Old,1
222963,511963,yeah,2
223181,886181,Christmas,1
223566,886566,Easy,1
223670,886670,EDM,1
223941,886941,summer 2k17,1
224188,33188,worship,1
224655,33655,run,1
225138,921138,New workout,1
227342,238342,Dope,1
227858,238858,21st!,1
227919,238919,Right Now,1
228296,904296,gym,1
228556,904556,Summer,1
228996,904996,chill,1
229100,611100,Bangers,1
229223,611223,1994,1
229322,611322,vibin',1
230423,889423,Nam,1
230429,889429,Oldies,3
230797,889797,23,4
230805,889805,Pop,1
231303,297303,chillll,1
231463,297463,Rebel,4
231501,297501,Jams,2
231768,297768,easter,1
231780,297780,april showers,1
231970,297970,alternative ,3
232050,955050,all my songs,1
232212,955212,Bangers,1
232432,955432,Us,2
232461,955461,90s-2000s,1
232557,955557,mirrors,1
232954,955954,Jesus Jams,2
232964,955964,country jams,1
233059,7059,running,1
233312,7312,lunes ,1
233493,7493,Casual,3
233518,7518,Rap,1
233573,7573,vibrations,1
234196,766196,EVERYTHING,1
235200,308200,Something new,1
235561,308561,my 90's,1
235701,308701,Happy,1
236131,30131,Dope$,1
236561,30561,My songs,1
236779,30779,October,1
236793,30793,On the road ,1
236840,30840,matt,1
237282,89282,Jams,1
237592,89592,6/17,1
237716,89716,rock,1
238636,462636,NorteÃ±as,1
238845,462845,mikes,1
239532,960532,New Jams,1
239564,960564,Slow Jamz,1
239622,960622,2016,1
240420,559420,Old School ,1
240519,559519,dave matthews band,2
240904,559904,Sigh...,1
240944,559944,oldies but goodies ,1
241610,184610,Comedy,1
241800,184800,Shane & Shane,1
242820,125820,Random,2
243306,393306,Alt,1
243578,393578,CHILLIN,1
243994,393994,70s,1
244031,699031,Guilty Pleasures,1
244564,699564,Country,1
245429,472429,Party Mix,1
245978,472978,Chill Trap,1
246003,965003,DANCE,1
246093,965093,Twang,1
246173,965173,ELECTRO,1
246256,965256,Random,1
246861,965861,Whip,1
247708,331708,90's Music,1
248258,795258,Old School,2
248695,795695,Summer,2
249455,986455,here we go ,1
249952,986952,jake,1
250169,275169,Dope,1
250500,275500,Chill,2
250553,275553,Kris,1
251515,112515,Favorite,3
251552,112552,Christmas,1
252379,28379,party,1
252944,28944,yoga,2
253193,716193,November 2016,1
253537,716537,cruisin,3
253588,716588,because of you,2
253728,716728,Jenn,1
254045,654045,Country,2
254426,654426,Happy chill,1
254429,654429,summer,1
254476,654476,Work ,2
254543,654543,jams ,1
254725,654725,sexy,1
254728,654728,Sleep,2
255218,993218,Working music,1
255553,993553,Pop,1
255849,993849,Spanish,1
255980,993980,january,2
256078,635078,Sleep,1
256284,635284,You and Me,1
256527,635527,Reggaeton,6
257146,582146,Good Vibes,2
257503,582503,spring jams,1
257555,582555,beast,1
257722,582722,Portishead,1
257945,582945,Work,2
257979,582979,Driving,1
258349,10349,Chill vibez,4
258824,10824,Wedding Reception,1
258996,10996,Alone,1
259184,119184,calm,1
259224,119224,College,2
259338,119338,Tea Party,1
259753,119753,Love,1
259908,119908,Damn,5
259931,119931,Varie,1
260334,551334,August 2017,1
260743,551743,upbeat,1
261635,811635,summer,251
262139,723139,2016,1
263095,29095,DISNEY,1
263159,29159,Country,3
263166,29166,groovy!,1
263226,29226,wedding ,1
263266,29266,Rock Favs,1
263518,29518,Chill?,1
264296,388296,For Rachel ,1
264930,388930,New country,1
265353,902353,yay,1
265404,902404,Gaming Music,2
265727,902727,Chill,1
265880,902880,Javi,1
265935,902935,Download,1
265956,902956,Acoustic,1
266220,538220,Crusin',1
267500,772500,Sleep,1
267534,772534,Hop,1
267935,772935,Country,4
268492,949492,work out,1
268872,949872,Mixed.,1
268989,949989,Americana,1
269034,72034,driving ,1
269993,72993,Party Beats,1
270248,87248,grad party,1
270309,87309,???,2
270445,87445,my fav songs,1
270729,87729,workout,1
270825,87825,summer '17,1
271383,332383,Christmas,1
271491,332491,Old Soul,2
271842,332842,GameDay,4
272033,487033,Wisin & Yandel ,1
272176,487176,New Playlist1,1
272547,487547,Rap,1
272687,487687,Better Music ,1
272854,487854,Oldies,1
272867,487867,rappp!,1
272877,487877,showa,1
273018,226018,love,1
273033,226033,ðŸ’¯ðŸ’¯ðŸ’¯,1
273290,226290,Alternative,1
274089,42089,Classics,2
274152,42152,Meow,1
274267,42267,Metal Up Your Ass,1
274310,42310,Playlist A,1
274538,42538,Indies,1
274749,42749,Chill,2
275306,21306,throwbacks,1
276091,166091,lb,1
276169,166169,>.<,1
276426,166426,feel good ,4
276720,166720,Half Marathon,1
276797,166797,chill,1
278126,575126,T R A P,1
278149,575149,feels,1
278270,575270,throwback,1
278408,575408,stuff,1
278458,575458,Powerful,1
278688,575688,july,1
279247,242247,Bass,1
279313,242313,Litttt,1
279397,242397,EDM,1
279856,242856,catchy songs,1
279891,242891,VEGAS,1
279978,242978,slow jams,1
280082,71082,Deep Focus,1
280225,71225,Songs for you!,1
280235,71235,get it,1
280331,71331,February,1
280454,71454,2000's,3
280708,71708,ray,1
280779,71779,PARTY!!,2
281314,147314,throwback jams,3
282650,788650,nacho,1
282693,788693,Summer,1
282868,788868,Others,2
283472,484472,moody ,2
283553,484553,Running Mix,2
283762,484762,calm,1
284029,692029,gym,1
284078,692078,Rap,1
284765,692765,For the Boys,1
284815,692815,Bed Time. ,1
284941,692941,Road trip,1
285261,641261,80's pop,1
286208,743208,Oblivion,1
286242,743242,Random ,1
286401,743401,New,1
286415,743415,country hits,1
286660,743660,smoke,2
286695,743695,Punky,2
286961,743961,12,1
287057,294057,its not a phase mom ,1
287453,294453,oldies ,1
288580,919580,Running,1
288881,919881,Generic ,1
289362,435362,cool songs,1
291798,861798,Trees,1
292186,988186,Soccer,2
292189,988189,70s,1
292229,988229,Flame,1
292335,988335,Rowdy,3
292493,988493,Jack White,1
292852,988852,ALL COUNTRY,1
292965,988965,rock,1
293125,327125,Summer 2016,1
293266,327266,Maddy,2
293579,327579,running ,1
294041,789041,VIOLIN.,1
294262,789262,dreamy,1
294535,789535,Otis,1
294616,789616,NEW!,1
294627,789627,Kylie,1
294845,789845,jams,1
294903,789903,FOCUS,1
295304,385304,Sabrina,1
295468,385468,Kappa,1
295961,385961,Christmas Songs,1
296280,466280,new summer,2
296490,466490,Good Country,2
296632,466632,rock en espaÃ±ol,1
296926,466926,for emma,1
297011,121011,too turnt,1
297185,121185,Always,1
297687,121687,christian music,1
298038,386038,news.,1
298526,386526,I like this,1
298712,386712,Awesome Mix Vol. 2,1
299167,964167,Now,3
299193,964193,dancehall ,1
299244,964244,Pregame ,1
299709,964709,Jenna ,3
299870,964870,SUNDAY,1
299939,964939,my music,1
