,trackid,popular,artistid,albumid
2379,1586,757,912,1189
2583,25662,141,7837,15040
3282,878859,1,21109,172207
3415,56776,82,2178,19107
4128,1075508,1,63721,397731
4872,286839,17,2811,4783
5861,17260,217,1971,3470
5931,68007,173,849,1094
6084,1149167,1,167698,419898
6858,607100,2,76551,246582
7103,2594,824,435,1722
7467,907,4992,500,687
7916,59605,161,3541,19155
7970,402522,7,5930,70933
7990,1186269,1,5255,9659
8962,892947,2,16766,35497
9075,2577,495,903,1830
9260,2984,252,1404,2100
9628,55113,457,2540,4175
10256,106129,156,7907,37554
10799,408157,4,5033,8379
10897,845044,1,130420,325385
13293,163,10416,60,95
14269,900710,5,2846,219305
14471,7840,579,2959,5087
15722,54446,318,333,29609
16355,408674,2,72220,175534
17320,29471,215,2027,3229
17324,7616,85,1057,4970
17824,259674,4,12579,76496
17836,116329,7,25973,58314
18249,109031,81,893,16137
18822,457869,2,79193,192995
19188,59486,315,15245,31909
19610,76038,161,1213,1734
21499,67599,81,1069,1438
22636,1093493,1,160821,403129
23146,558,7726,40,370
23350,2250,5486,235,1594
24066,1007508,1,117846,377060
24201,658634,4,947,82289
25125,700535,1,112256,278128
26374,26076,118,200,7302
27931,1183793,1,113626,281579
28566,941257,2,9939,356057
29363,16394,563,1297,7678
29982,308,5381,29,161
30762,22696,143,1425,2614
31256,945191,1,8522,115894
31859,962231,3,43918,162732
33397,176,6235,65,104
33914,58984,178,2297,3766
34587,175,5972,65,104
34650,51118,442,12182,24582
34719,2768,5915,1342,1964
34824,73422,162,3045,38908
34898,27459,419,694,15902
35110,927695,1,140783,351842
35399,1180605,1,25310,128741
36052,100161,111,12267,51515
36812,79356,139,11560,23035
37177,140,9165,0,85
37895,1222881,1,8082,15552
39475,141179,38,7700,14738
39538,491128,5,2134,163269
39663,26571,243,8055,15527
40447,797867,1,30537,224874
41478,62669,255,145,4007
41801,2520,685,1242,1779
42492,98535,37,3889,50769
42529,1033253,1,153641,384942
43097,65489,142,1555,2526
43187,928499,1,15273,309543
43551,115556,31,884,58125
44545,2868,602,973,2024
44745,181994,94,31,86755
44788,38331,539,621,21576
44970,1101146,1,141005,405600
47910,5118,784,60,95
49599,33162,249,208,18881
49690,121281,96,8696,60423
50150,25604,78,5378,9928
50281,1052022,1,53692,295840
50489,1135149,1,74851,415651
53099,364,6598,50,234
54299,34439,139,865,17581
54461,21989,689,4199,7484
54648,98707,89,23096,50874
55030,34758,91,6468,19596
55097,353422,1,1734,154856
55172,642010,1,104460,258498
55253,1188395,1,43352,101637
57797,889741,1,1158,204883
57874,14234,856,4509,8089
59053,381122,1,68128,165350
59416,202562,14,215,317
59648,1037299,1,9979,141961
59829,733,7372,368,524
60165,164061,104,34163,79129
61658,833455,1,7457,321612
61727,50966,150,3806,27909
62229,1215575,1,32292,439786
63365,137960,9,16017,67880
64080,483167,2,83103,137117
64167,17139,161,1201,10452
64382,537585,1,59234,142805
64439,917694,1,16991,35972
65024,37811,76,3457,21285
66041,132490,116,366,34907
68203,136800,5,29586,67420
69086,69958,81,2533,4164
70144,802667,2,3004,101458
70243,36666,452,8693,20635
70252,3087,869,1464,2181
70392,31995,4,344,18351
70727,924280,1,3412,152051
70954,9829,698,1118,6127
72303,70490,162,522,3440
73547,795391,2,89224,309126
74000,241990,16,15598,32686
74600,968672,1,109796,364796
74892,750021,2,7063,13392
76977,34129,616,109,817
78964,554871,1,1728,228576
79021,17162,153,5032,10469
81367,543182,1,1740,224361
81372,790835,2,37983,187068
81515,84790,275,1002,9233
81536,63147,317,2527,18202
81663,883928,1,9698,110925
81751,19024,309,130,11414
83016,80677,164,1534,3388
83072,281,8212,120,178
83421,823258,1,84,318144
83552,839509,1,129711,323548
83775,14408,502,621,8988
84054,59886,86,15288,32087
84104,330928,6,40749,146707
85302,1035579,2,153891,385650
85770,1155,4794,70,827
86159,616752,2,3582,22622
86173,5034,88,2130,3414
86667,799885,1,124822,310570
86719,1198,6700,664,863
86856,1009669,1,3771,50789
87108,786327,3,66629,179096
88777,704822,1,4029,279625
89011,65145,19,359,11970
89372,9534,725,3436,5951
90191,987137,1,28178,370659
92104,666185,1,36858,155559
92193,35300,526,1579,3470
92800,618311,3,88232,215430
93397,203377,14,12715,31861
94537,51263,150,1007,28072
94761,182535,2,1327,86919
95670,884605,1,56143,338114
95746,4317,6697,1269,1963
95827,155992,2,8438,59906
96930,99150,117,221,337
97434,1161565,1,49869,198005
97666,1100853,1,100648,405519
98333,465562,2,77761,196201
99024,935442,1,141597,354043
99578,888560,2,13215,57163
101113,5386,7302,27,81
101739,17574,619,2931,5033
103937,963615,1,57035,136804
105401,17433,498,536,10591
107153,21220,329,1796,12546
108170,518813,4,1086,125708
108906,233692,1,45915,108362
109912,206824,70,41608,8432
110802,26338,283,2875,15416
110853,58946,185,11093,21912
111291,19936,228,1465,11898
111531,28109,194,5902,10957
111699,751182,1,57895,295100
112264,27756,458,17,223
113781,43197,185,1003,9382
113820,1138944,1,166459,416755
114349,876987,1,14945,335705
115323,36323,228,1626,20447
116163,1052520,1,4739,262735
116211,116316,114,1852,58308
116250,497193,1,85240,207828
116683,408808,1,1091,99904
116933,266,4779,0,168
117502,6511,258,274,4267
117989,671396,1,108386,268318
118531,5682,637,95,138
118911,387400,1,8885,47600
119465,892663,1,45539,340552
119591,186885,3,2862,60635
121063,991382,1,6284,284268
121132,3681,86,1069,2505
121677,544545,1,81967,224891
122026,286,7317,3,181
122449,48478,98,13114,26757
124332,16266,515,5420,9995
125103,132355,84,1477,2212
125190,40209,180,3135,22623
125582,1173,4821,647,841
125770,407413,1,4975,175173
126397,215151,1,22965,100662
126717,1141410,1,22336,209114
126759,130980,105,144,37542
127499,837790,1,20359,322976
127796,1011355,1,31010,71009
127824,54465,100,4059,7144
127859,370069,3,66436,161071
128153,605784,1,99714,246097
128447,802702,5,7478,311483
128453,66679,76,16770,35507
128756,866250,1,133172,169961
130225,2803,4800,1354,1986
131149,887944,1,1756,95719
131534,40878,592,1804,2794
131593,45982,360,1367,4717
133065,450464,4,1788,3105
133525,340543,6,5679,25938
135663,43824,166,179,272
136419,1030010,1,2897,47482
136955,88098,138,13765,28319
137156,1192471,1,4163,78726
137338,187869,9,38293,89272
137363,1473,5012,856,1103
137695,1151,6241,110,823
138255,392062,2,974,157830
138691,357026,3,15717,61177
138903,727671,1,115651,287269
139012,14155,88,3046,8838
139457,149020,84,1424,2129
140298,1230399,1,50817,207481
140373,473495,2,6372,47312
141438,4067,210,1797,2783
141958,69171,78,11,14
142443,359,5515,144,229
142580,72779,281,2005,38578
142624,12983,657,3470,7427
144172,31039,152,851,10993
144466,837979,1,22230,54388
144759,173412,12,7619,23105
145711,1196111,1,5886,65513
145847,50692,177,13553,27774
146314,8493,5524,2134,4796
147042,12225,150,1105,7677
147094,179824,4,17418,51184
147496,25499,134,1846,5807
147697,109220,104,3477,55354
148055,581060,1,5241,237514
150241,682503,1,6431,272047
150500,24660,669,7572,14455
150611,149597,1,11099,72838
151914,41845,126,108,23319
153042,1013278,2,21593,276522
154155,43348,11,11992,24128
154733,712586,1,5353,170059
155135,7576,808,2893,4938
155165,631355,1,79400,193468
155237,109302,38,615,729
155805,3112,5199,1474,2202
156719,2719,5181,117,172
157085,398204,3,9166,102354
157099,815227,2,88502,216049
157234,646549,2,1325,260005
158207,1561,110,903,1172
158591,17231,330,658,856
158688,1062369,1,75412,183235
160916,41877,350,3228,14101
161201,1020698,1,8610,381212
161227,4899,6021,895,3333
162008,3594,4919,720,2450
162369,76884,156,284,40356
163175,1023078,3,7814,14977
164763,218302,1,43454,101877
165743,653670,2,1717,20271
165978,18276,1,5945,11050
167054,216524,79,21681,101232
167370,375728,1,67212,163235
168144,2010,77,861,1463
169956,270589,3,20046,60826
169972,17003,350,5007,10367
170543,789518,1,2919,133481
170617,2752,95,130,1949
170678,832859,3,3173,27619
171896,47824,208,3247,26454
172171,357811,17,10968,155944
172953,1152,6735,638,824
175169,331044,4,10592,37296
175276,363174,2,13808,28405
175401,219577,8,1156,102491
175658,9640,717,3469,6015
175847,167716,28,4844,8770
176945,19343,77,261,395
179835,60915,200,2584,4282
180398,70383,110,1189,1703
181089,24793,602,305,451
181540,78563,104,2349,23789
181851,1193455,1,13012,29057
182027,2433,5355,1206,1718
182496,2724,12394,110,1922
183178,1062417,1,18006,308546
183336,406928,1,71974,122866
184056,63842,112,1059,7415
185207,531978,1,32512,74987
185659,273123,26,7335,85461
185881,295739,2,49327,116842
186227,12872,4781,4514,8099
186353,41132,265,3749,10284
186651,1077660,1,76260,398452
186837,7720,266,1786,5007
187086,417734,10,305,178539
187814,938300,1,8029,48573
187983,1219313,1,7752,14878
188494,671826,2,40566,94787
188522,103711,172,1413,52940
188735,139184,170,2985,5129
188830,290125,2,54581,130600
189079,92506,78,6365,12003
189601,468592,2,80930,197239
190170,398203,4,9149,49591
191583,64589,121,16369,34555
192145,4699,5196,348,3204
192270,37362,255,10697,21065
193026,12831,150,1475,8073
193397,767271,1,29144,66331
193685,276165,144,6990,125283
196084,6069,4802,50,102
196901,70180,37,847,22296
196940,1204775,1,2014,289630
197194,1009268,1,34315,377574
197274,766651,4,120723,47675
197700,151782,79,986,73922
197802,661384,1,32694,264974
201821,4032,654,696,1393
202354,47070,12,3596,16291
202603,876525,1,1736,227521
202861,1076676,1,151220,378732
202929,1210239,1,162263,406616
203107,141565,5,2254,69475
203116,59929,205,54,32110
203784,31798,265,2542,8771
203885,416651,2,31400,178202
204038,974783,1,146562,366841
204137,1205771,1,1737,73856
204169,274,13977,29,161
204827,406750,2,71945,174895
205497,378017,1,5015,9153
205725,500107,3,43142,209032
206080,603894,2,1788,9307
206281,460785,2,27201,194135
207537,424775,9,30977,70924
209924,1073644,1,26142,348364
210349,258199,5,49828,118146
210394,57177,101,6639,12532
211077,4162,5926,1265,2855
212490,1673,6750,60,95
212522,7105,405,618,4640
213558,25279,445,118,1938
213604,12863,9131,50,8091
214171,693160,3,10422,49622
214300,66078,394,2257,30865
214409,230216,3,2665,56991
214556,412294,1,10396,137135
214628,1233678,1,122775,305183
214734,88224,96,20465,46014
214857,91549,293,1297,7672
214916,559840,1,8613,16673
215425,14873,803,1468,9263
215471,955,7530,117,172
215506,1039256,1,2633,158037
216249,1003089,1,23503,282918
216307,294,7209,123,185
217435,6961,107,1995,4532
217711,1049005,1,155571,389833
217987,76272,345,928,40173
219618,15903,82,1398,2096
219988,372440,1,66739,161959
220532,167711,119,2923,5019
222485,94440,111,22367,48943
223501,4948,8663,1331,3364
223673,260600,2,2895,119221
227573,392205,2,10605,109021
228268,17956,871,769,7364
228869,170,8992,63,101
229147,1105713,1,19289,224116
229246,500649,2,1151,49861
229334,714183,1,18840,282686
229637,4347,6097,1906,2975
230040,623671,2,10585,105495
230802,368019,2,16798,160329
231573,274891,2,52370,124825
232164,214108,83,1902,2967
232304,3477,7750,12,2375
232435,390707,7,46321,109383
232607,218787,15,43564,102101
232708,513230,1,54014,213577
233042,874955,1,26379,59228
233969,115991,91,1528,2890
234664,64500,150,300,4487
235335,19915,414,434,11892
235632,711,8118,349,503
235699,620673,2,9207,141668
235912,30271,79,1459,2175
236407,152526,2,23831,52878
236874,30330,159,7788,17485
238120,83485,94,2019,7135
238440,134861,26,6588,16940
238493,370,9099,149,238
238998,695078,1,30574,120087
239143,687962,1,110502,273660
239254,1241436,1,25608,164153
240092,386896,4,68937,167490
240761,23382,81,7209,13743
240823,22840,133,1391,13522
241074,3372,7072,63,1972
241227,794592,1,50048,308853
241773,575901,1,95722,235608
242427,103450,7,1443,50621
243042,274458,14,4904,8922
243808,565719,1,46310,232309
244144,1144,7548,633,816
244195,207824,13,6611,49882
245045,596703,2,9087,17678
246101,68502,80,2455,23516
246491,451917,4,6312,190968
246510,77993,80,11579,40915
246612,63915,116,5037,9218
246708,506084,1,86532,211151
246909,178669,57,2550,33352
247259,828935,1,128414,238426
247365,622639,2,6993,251835
247519,736238,1,35401,134727
247834,4342,5593,1486,2971
249792,778602,4,8658,286769
249881,564789,1,64930,157202
250722,1640,4751,946,1241
252725,768854,1,6046,300697
254131,39897,848,1475,2203
254229,32543,167,3385,18561
254313,267208,3,1753,121732
254596,1180241,1,171400,429148
254678,270985,1,51746,123266
254690,1032521,1,7278,384769
254938,595272,2,16152,33981
254981,7584,455,2896,4944
255086,167461,1,15155,80619
255363,1054464,1,8688,16801
257759,650376,1,20366,224704
257776,38917,149,2569,4234
258228,299394,9,56052,134371
258324,88018,82,9405,45892
258605,135000,5,2523,23358
259138,1073859,1,60608,203892
259149,26774,260,379,15587
260632,32816,97,865,1115
260760,1053566,1,9282,18074
261196,31267,849,5925,14736
261266,5520,4832,50,73
262714,803763,4,11717,58264
262856,478889,3,3762,12880
263200,412208,1,72709,176715
264117,1935,5363,117,1444
264272,8491,506,3152,5409
264946,51879,132,13762,28309
265401,1060258,1,5949,298262
265884,127204,85,96,45597
266431,33354,80,5878,11921
267367,538895,2,202,222749
268414,903388,2,137807,343960
269095,580988,4,5546,125159
269275,978742,1,32902,368034
271447,961826,1,19121,82992
271600,19918,684,1212,4714
272157,570723,2,21002,233990
272487,25789,83,761,15117
272665,27437,747,924,15887
273079,12692,889,500,7980
273176,9496,602,325,2222
273272,38466,448,903,21657
273362,70171,361,929,37253
274240,47998,249,2960,5089
274551,16888,122,5548,10279
275200,122007,82,4990,60763
275269,965553,2,55363,132557
275394,4456,366,180,289
275705,1129290,1,165283,413851
275796,315300,4,39452,140700
276936,573092,1,3541,234610
277023,274089,1,9978,124537
277824,664261,2,55806,133730
278457,4610,176,1991,3140
279389,3093,4825,1010,2187
279802,230,5313,95,138
281456,498917,1,38372,102340
282301,432052,1,75714,184059
282382,87095,3,20925,45433
282907,1007106,1,1327,86921
284368,10045,231,3586,6266
284823,107179,2,5398,9964
285000,63034,82,16062,33750
285550,571772,2,95275,234232
285942,862628,1,13245,158214
286205,7268,619,621,4603
289057,98033,77,22973,50525
289666,52631,186,6355,11972
289695,300280,1,1100,134688
290152,1231020,1,143741,184052
290959,412548,4,3273,111786
291011,21434,482,1906,12715
291163,907319,3,16321,89187
291599,870062,2,1304,113323
293543,134612,13,1955,27521
294025,120148,87,3153,13209
294742,1188506,1,172383,431671
295119,391190,4,11767,151324
295274,1238347,1,16287,34269
295532,305,13106,0,99
296308,917108,1,128818,348330
298990,80408,124,2563,14352
300043,386053,1,68854,167217
300096,182808,12,2304,34833
301034,93546,284,1385,48518
301430,192227,22,1443,15261
301470,9019,322,973,2026
301492,118,8558,8,78
302447,897301,1,33994,342049
302974,38157,492,426,1729
303022,83510,249,290,4437
303203,14554,5070,729,2874
303592,87461,76,4617,45613
304038,109835,108,107,19063
304147,4972,5096,2100,3353
304567,764475,3,45588,107541
305984,905384,1,6216,344653
306666,29929,263,1401,5900
307003,36325,116,1533,20448
308023,82393,86,3810,43077
308082,63038,119,101,1239
308793,29609,221,1119,11511
308804,2743,8484,117,1940
309130,452467,1,54489,191172
309392,11213,750,4031,7084
309785,721779,1,20139,43369
310381,1450,147,838,1082
310767,19211,129,47,68
311957,812284,1,5044,209857
312366,23193,35,2030,13621
313749,811185,1,126148,314170
314946,755262,1,70110,170315
315382,11132,606,351,505
316501,53641,166,5823,10952
316513,62071,85,15824,33238
317580,1079742,1,9761,399065
318242,11885,557,126,195
319672,118354,19,4555,8200
322121,584096,1,96915,238593
322161,1161461,1,105964,273212
322706,1083723,1,11505,203223
323965,1219045,1,10577,37875
323971,723709,1,44586,209542
324275,16405,109,382,554
324597,943236,1,15920,199070
324705,32628,162,629,4589
324789,85355,339,63,1972
325406,236413,37,46361,109474
327921,124073,5,4780,61552
327967,23526,36,7260,13841
328327,1940,630,654,1446
328824,19672,579,0,85
329460,116402,1,25992,58349
330290,633440,1,103313,255481
330608,68635,84,3847,36537
331502,186314,5,4507,19282
332063,9359,150,426,1729
333623,1018318,1,29155,66363
335170,331293,5,283,4901
335473,119632,14,4300,13057
336259,4193,5295,1657,2880
336260,25611,520,3046,15012
336571,814148,2,2675,142548
336677,462744,2,80046,194928
336860,24409,112,2129,3413
337036,70916,28,17759,37661
337766,14261,828,142,8883
338017,606357,4,42005,123188
338168,141045,16,2713,5428
338460,145550,31,18424,39354
338494,36700,236,8880,19075
338617,110510,188,1267,55906
338628,887598,2,135871,152751
338745,1031427,1,16203,190881
339153,1031307,2,40761,151295
339237,314692,5,1644,140479
339469,2450,5045,1207,1719
339568,49,5140,29,40
339945,61029,364,969,25786
340285,958991,1,144460,361515
342706,346786,15,4330,37507
342782,702404,2,621,4601
342923,2,9401,0,2
343331,927577,1,48543,351813
343412,210290,78,232,85690
346043,4242,668,866,1118
346510,74998,96,2196,5815
347042,916593,4,15482,129959
347769,718772,1,29243,284275
348430,63180,98,503,13434
348855,1168468,1,169333,424078
349348,34927,706,1855,19669
349353,17902,661,1110,10824
349440,563541,3,1297,30710
350137,255482,9,21012,117059
351225,86302,3,8438,45008
351375,288008,1,1486,129767
351705,48682,83,5185,9549
352308,58892,106,1165,15829
353398,1144019,1,167057,418330
353715,1221811,1,39236,441700
353836,255,9105,110,159
353973,9659,91,0,5423
355485,474178,1,81790,199374
356041,869617,3,14565,224650
356289,640250,4,66452,216380
356316,1024211,1,27073,61137
356788,700441,1,112246,278094
357450,12046,76,109,7540
357933,1481,8449,298,440
358050,82052,287,1807,42940
359421,205699,30,3133,36604
359822,20324,208,141,12080
360274,4926,7249,895,1158
360788,713167,3,5644,282403
361377,714359,1,114036,282761
361642,563447,4,986,115512
362539,296,6995,37,187
363562,479984,1,1905,85088
363934,491505,2,22027,205804
364840,143399,98,89,8484
365502,2642,5711,1283,1864
366445,1187344,1,10584,431277
367229,557086,3,73913,179588
367654,5248,375,44,180
368193,71580,89,99,37983
371308,44186,107,4117,7328
371312,12823,391,3418,8065
371573,16524,176,498,3650
373439,113686,76,697,20601
374051,4283,701,1885,2930
374361,7245,487,2789,4728
374842,1159607,1,162284,406654
375207,324794,5,2460,11364
375727,883787,1,40567,337829
375809,401794,1,39364,91806
376999,1195840,2,14845,30900
377059,289,9564,3,182
377203,1470,376,500,1100
378213,27715,232,123,16066
378405,324835,24,59844,144408
379090,19044,705,2021,11429
382036,1207989,1,48230,142455
382691,1185586,1,118516,430737
382926,4410,704,180,273
383202,3,4945,0,3
383597,1160656,1,5951,11066
384417,450315,9,32751,75632
384495,339185,1,62059,149801
384555,578817,3,9041,143781
385801,53124,109,3710,6442
385831,504489,3,1765,210558
386731,1122679,1,9775,240471
387133,8729,466,3215,5510
388386,734547,5,1684,36580
388861,351227,1,12978,154038
388971,135503,113,29383,63589
389527,6151,729,1360,4061
389712,931156,1,986,99186
389723,161,10559,59,94
389869,47151,8,1745,26055
390259,92508,190,1659,6271
390538,4657,6656,1294,3179
390617,8464,513,3142,5389
390740,868961,1,12193,333047
390847,18044,458,1294,10927
392760,834567,1,6875,12926
394963,7597,189,1084,4950
395876,154575,4,9841,75240
396635,109,5445,5,8
397228,511694,2,3004,101458
397279,82979,76,685,43416
397343,579893,1,96309,237104
398709,2786,5488,63,1972
398848,1088925,1,97448,240121
399752,54040,25,3384,29421
399852,44438,1,7732,24712
399853,1134934,1,50631,120477
401376,19200,117,1406,11523
401636,82898,1,5515,43362
402509,66079,87,2257,3665
402571,7380,144,2832,4818
402691,358014,1,63691,154006
403001,991686,1,140656,372086
403175,616658,9,18130,38593
403504,724330,4,5957,37285
403881,949706,1,6825,12837
403932,336915,1,61657,148936
404077,20798,120,131,1775
404769,37168,103,7993,20932
404953,45819,107,1406,25374
405191,238131,18,23058,110171
405713,740008,1,6514,69925
406263,140223,1,30102,68870
406885,1085880,1,94161,400921
407181,10422,186,3630,6498
407302,886707,1,105699,261447
408588,25206,135,87,5402
408610,514391,1,48839,213945
408694,1142065,3,166787,417640
408748,1184323,1,3174,430255
410081,2253,7912,29,161
410325,274806,2,34611,116366
411445,512695,1,5990,139711
411504,61187,88,1084,32780
412280,2801,7062,101,1984
412524,497062,3,85206,207763
413226,1178312,1,79561,428558
413394,1357,6064,771,1001
413792,454863,7,47963,191996
413808,272,8821,117,172
413901,9823,293,3523,6122
413978,1137866,1,32588,75229
414660,5980,156,2257,3960
415086,12524,79,3750,7870
415114,704231,8,112830,279457
415737,20936,669,6569,12398
416150,341145,2,47119,111250
416202,276469,10,2987,17253
416244,9575,505,3453,5977
416473,59337,17,1915,31856
416765,133708,2,29063,66079
417344,77244,314,117,1445
418682,549992,15,273,5362
418692,126,9475,45,83
419572,67183,181,4963,20944
419614,309884,1,15904,138586
420481,923889,1,45154,350580
420754,974804,1,146571,366854
421237,487650,3,79065,204414
421245,218762,32,1170,102083
421703,70190,81,804,5384
421831,21472,83,310,12742
421865,265784,1,12780,121109
423496,1798,5391,1030,1353
424236,236324,4,46336,109422
425192,1016515,1,1740,265795
425373,231217,27,19140,41048
426088,32865,4,9579,18694
426339,13522,804,1870,5848
426796,14451,363,1931,3010
427015,9778,82,3519,6113
427192,197725,79,2859,59151
427236,240,5101,101,147
427599,29,9714,20,26
428071,179,10512,68,107
428843,966131,1,13587,27830
429558,594596,2,20368,44017
429669,4080,5721,1797,2790
429908,12645,4967,120,5408
430597,13296,526,1265,1822
431509,17834,500,5834,10799
431835,121095,84,851,1102
432268,198,135,22,31
432284,1872,276,1053,1404
433344,7223,205,2785,4715
433377,369603,1,30774,160878
433547,942315,2,134591,356371
433800,181320,5,2022,29021
434165,876545,1,1736,303071
434274,976639,2,355,337165
434349,91610,78,5300,11193
434519,961709,1,144820,362497
434609,805007,4,1729,82476
434666,2454,4991,1212,1732
434896,26579,103,109,13332
435286,72185,471,1819,2827
435382,39104,192,1360,5607
435676,37138,112,10000,20911
435794,325,7003,132,204
437863,17241,259,3628,6328
439077,35883,110,10295,20217
440095,6100,196,2478,4029
440646,205,7887,9,12
440693,344,5327,139,218
440710,489553,3,18456,205059
440831,184794,2,27597,87952
441071,625825,1,18034,252952
441275,848972,2,2844,114250
441890,1173451,1,126363,314702
442980,35151,497,5919,19831
442999,282,6107,121,179
443589,955079,1,126723,360455
444037,20882,412,1440,12372
444308,2211,521,1110,1561
444540,138822,38,6211,13356
445238,36195,119,3323,19932
445492,707758,2,4618,44442
446240,114879,81,20696,57813
447834,132911,131,973,2024
448602,639466,6,10857,115089
448957,298590,15,1808,7625
450165,12480,540,4404,7844
450260,1119037,1,163975,410810
450340,1071053,1,54955,131473
451548,547621,3,82240,226106
452497,2453,5372,413,588
453212,847289,3,39780,325102
453247,4,5851,2,4
453344,12089,102,4259,7569
455605,4313,5116,246,412
456630,23973,96,7340,14054
456707,730858,2,15880,132516
456805,15388,544,1825,7513
457173,276414,2,19150,125397
457578,81455,102,1725,22705
458132,15744,649,359,9742
458715,374452,2,67071,162764
458825,374925,13,13915,162932
458955,169186,2,35123,81394
459641,56003,197,1095,16008
460129,113987,92,697,27463
460611,738224,4,6310,259655
460738,1016694,1,50624,120462
461653,1925,5482,1069,1438
461756,381454,1,68181,165505
461912,697184,4,1977,47009
462101,604625,1,99552,245679
462186,24999,140,314,463
462964,25599,431,3043,5209
463527,503789,3,66998,162593
463957,21633,350,1261,12834
465050,573826,1,18848,234902
465247,64491,109,1644,4391
465299,65110,6,16480,34794
465810,529505,1,32841,78111
465936,819432,1,127198,316894
466419,1183936,1,139589,430141
467301,778682,3,92,2806
467631,33800,181,1788,9367
469849,389265,1,69319,168428
470108,29735,186,8866,17155
470364,7885,332,2276,5090
472017,40407,82,1767,2697
472261,5066,5594,236,361
473285,108152,147,2410,54932
474027,370284,1,66471,161162
474827,86452,91,20796,45072
475529,364289,1,65603,158966
475741,134237,6,1766,2696
476319,59653,149,14584,31982
476470,57662,4,2613,4320
479401,110,12576,49,71
481290,27737,251,652,16076
481389,757735,1,6587,297239
482297,829581,2,128481,320279
482414,32643,710,8876,17172
482476,33062,741,318,15112
482519,173856,105,5762,83448
482566,121889,121,4556,60711
482583,811207,1,126151,314177
483129,7225,461,1367,4717
483939,1158450,1,105852,422655
485710,39140,122,11133,22006
486271,1108193,1,138607,346101
487280,48679,152,432,610
487479,41161,729,7475,23023
487799,10077,290,3595,6283
487893,3708,5008,1624,2522
488793,282974,3,14108,66554
488922,99147,91,186,3042
488930,171160,7,4858,48009
489711,441055,3,24915,187217
489981,3748,194,237,2314
491046,1174038,1,170643,427230
491499,726627,1,115519,286915
491805,574112,5,9803,126162
492982,1031403,1,153459,384471
493459,248,11849,12,17
494896,98976,107,13381,27342
495074,63776,41,16230,34149
497247,12411,389,28,91
497272,43771,191,1942,3058
497654,46593,192,12681,25796
497812,516444,2,41,214715
497894,50194,276,1084,27579
499431,244018,13,9183,112268
500010,361061,1,22037,147649
500488,87826,253,12353,45781
500861,699,5422,340,491
500914,195118,28,11261,24783
501131,286936,3,10185,67217
501355,459601,1,26453,59485
503089,158816,101,163,14213
503170,909179,2,689,283494
503201,857457,1,61136,147540
503515,11672,301,4104,7291
503566,95532,89,78,27191
503995,149112,82,2510,4122
504560,1091868,1,160651,402687
504654,660667,3,71682,174166
504978,258339,1,4559,118210
505175,2908,258,754,2053
505412,28133,22,4963,9034
506055,58014,91,1180,1674
507702,68004,143,5009,36152
507973,1027334,1,152977,383231
508275,156838,60,1423,2128
508306,220403,12,4120,7334
508901,514733,1,87644,214100
509239,7514,620,46,4909
511326,1198703,1,173620,434822
512015,35893,176,310,9029
513019,2775,5239,300,1967
514168,539938,1,85201,223129
514565,40570,101,106,1958
514898,59604,274,3541,19155
515720,17436,83,536,10593
516380,673658,1,13485,136107
518035,86989,87,858,45381
518079,97857,91,802,50444
518168,1037726,4,644,64985
518660,1113032,1,2614,358439
519051,1065470,1,94352,231691
519237,541657,1,25368,71155
520125,392404,5,58925,169647
520646,38788,462,1340,20773
520947,119572,13,18638,39879
521173,1134224,1,165975,415413
521204,898122,1,20448,99288
521429,908305,6,138435,345609
523717,110079,99,24936,55726
524239,53706,26,208,7281
524991,160709,81,1788,9308
525577,458485,2,79283,193218
525724,980986,2,147361,368753
527245,143738,15,954,6275
527305,65499,99,3040,34963
527947,594702,1,31042,242148
528405,44129,79,186,4137
529459,67997,274,17072,36150
529659,650661,3,13020,123514
530733,855726,1,131745,328759
530938,1914,113,115,1423
531507,11294,568,4059,7144
531601,4554,461,773,1788
531637,39541,117,3261,22235
532276,29228,138,8722,16872
532962,672,5171,316,465
532991,266423,25,26735,121389
533245,891581,2,4121,154798
534458,1370,5400,48,1014
534502,1102689,1,12029,406031
534942,17746,122,327,10765
535169,1090336,1,51513,122600
537414,1112059,1,13732,408697
537585,44090,566,195,16456
539237,633406,1,4356,255462
539652,599177,2,59932,156681
539961,21440,147,3438,12721
540827,984525,1,147750,369808
541856,9766,77,3506,6087
542100,778215,1,6164,303869
542544,45302,157,3749,10284
542842,931252,1,27450,260531
543171,625833,1,16367,221365
543322,56953,87,1354,1986
543993,90590,78,747,47128
545508,55641,10,14509,30130
545833,1145633,1,6792,418814
545858,8865,190,3240,5544
546028,939422,1,1089,355432
546122,696058,3,10822,164563
546487,399686,6,15002,172274
548085,122800,115,27045,1391
548330,7459,841,2863,4874
548450,21783,95,6881,12936
548750,21123,504,1867,2896
550758,21716,651,3762,12881
550792,84671,131,1796,2782
551005,77834,160,2120,40866
551149,780448,2,109632,271481
551991,687153,1,14108,123806
553184,366606,5,5974,159873
553311,15843,270,87,9773
553888,187297,35,38194,89019
555463,614723,2,9730,19038
555507,52448,1,13897,28605
555572,75882,84,5182,40009
557092,16046,563,1862,5184
558094,104573,129,231,3071
558274,1062979,2,3808,28034
558540,25138,136,7698,14734
558602,1143,5006,632,815
559713,936666,1,40539,129966
560387,29357,447,2212,16926
561230,896,5309,495,677
561253,337461,3,18227,149136
562016,1103910,1,149902,406338
562366,2422,5055,1201,1709
563805,674917,1,1177,220970
564208,355546,8,64307,155609
564648,8052,436,1719,5234
564805,578047,2,2193,3520
564839,222749,16,1239,7797
566129,643,5994,297,438
566233,580,638,251,385
566452,530068,3,42156,98627
567201,309107,1,57658,138328
567620,369081,7,6446,160712
568793,49016,203,13233,27014
569171,830180,1,24566,60725
569327,134,4908,45,83
570525,1070876,1,10882,21454
570574,70354,201,2716,37319
571126,19660,397,106,1958
571697,438969,3,9426,42954
572014,401350,9,1152,39828
572137,953898,2,50732,360095
572770,783387,3,5606,119739
573578,656536,2,21760,263347
574013,22615,140,79,13345
574636,129881,129,2454,7854
574997,552,9314,18,194
576126,329,7155,27,81
576557,890687,1,40395,94405
576585,293,8108,101,184
577354,1196876,1,13522,434301
578159,721889,1,7805,14963
578496,606785,1,35805,82954
580205,117303,144,2875,32711
580587,137605,87,3675,24411
583933,98207,116,2455,3976
584831,727018,3,45983,108505
584874,1226962,1,126633,443130
585524,55238,91,14003,29027
587126,439968,8,842,102526
587257,167,8165,62,98
588347,22735,203,938,1227
589671,303680,1,30526,136155
589827,11027,150,3980,6958
589946,46628,284,884,1366
591117,996808,1,149264,373744
591850,952780,1,3566,214562
592148,9580,399,3458,5982
594380,239063,7,5817,110428
595182,7490,870,235,2455
597806,1113377,1,3338,163714
598399,52949,186,4972,28851
599592,762678,1,21605,47043
600709,642,340,166,256
601193,278061,3,8237,54811
601286,17965,524,3422,5928
601500,330788,3,43242,146645
602228,330,8132,95,138
602823,48463,305,852,1689
602950,590315,8,62205,184757
603611,130286,6,1540,64518
605032,695813,1,99209,244899
605757,6613,895,2616,4326
606167,472429,4,49948,198666
606347,88432,164,11235,22236
606669,67633,5,6143,35945
606927,943831,1,9410,161266
607477,91714,93,3162,5426
607956,25838,898,50,3466
608002,44140,165,255,2012
608848,675329,2,108952,269621
610081,88201,231,11433,22740
610300,2813,7075,70,827
610736,41837,637,2,4
610965,357417,2,1121,77027
611300,905804,1,32873,344779
612435,179493,20,22029,64969
612999,1166,4797,646,836
613142,1074932,1,128198,72763
613337,104393,77,1223,53211
614350,596561,2,35005,90322
614885,514658,1,2004,116693
615545,43230,90,1829,5361
615703,879320,1,46864,336433
615836,889954,2,136141,249601
615856,1116699,1,9389,83777
616115,251303,3,5241,71098
616829,3565,270,27,2430
616951,2673,5156,1303,1891
617010,8056,307,3059,5238
617951,18901,357,6063,11321
618171,1001833,2,122179,328629
620620,926585,1,30086,68829
621270,21868,8,6911,13000
623036,4471,379,203,1140
623422,329508,9,3794,60887
623473,1114372,1,9860,74824
624035,942756,1,142590,356513
624747,849796,1,134,221500
624785,814795,1,126599,315268
624815,17700,773,340,491
625120,40734,700,6176,19848
625174,2440,5124,1208,1724
626587,92807,158,621,25046
626667,70689,111,1664,7406
626745,141924,142,2124,619
627485,1027950,1,23624,79342
627931,23986,216,77,14039
628474,1212623,1,7272,162669
628517,889618,1,8808,17042
628877,206413,3,5592,96972
629283,62219,124,3116,6200
629632,2767,6323,1269,1963
629824,165052,17,500,79551
629894,15760,654,1261,7430
630745,722802,1,13059,29152
630913,1526,480,855,1149
631760,13219,525,1031,8284
634154,821,4862,426,604
635594,11925,190,3457,7446
636509,124032,4,27238,61544
636868,2173,145,1101,1541
636906,58217,8,3438,31293
637041,678,338,322,471
637716,3674,5566,1627,2500
639921,135388,4,13364,66876
639933,12381,377,3038,7791
640166,62644,85,5037,24544
640450,188196,3,7327,66608
640473,779567,4,644,163872
640546,39352,105,1639,2474
640971,66657,84,5172,12885
642617,146706,9,9604,56666
642666,26934,106,2563,14352
643227,436842,1,373,164109
643539,978130,1,77634,215698
643754,69542,291,22,37003
644587,28528,80,490,11645
644917,68597,24,4739,36511
645083,27,7143,18,24
645412,903610,1,40969,95707
646079,347252,8,618,31174
646611,14803,195,110,9208
648073,242605,4,47303,111757
648175,10430,322,2892,6506
649138,1071868,1,21882,193677
649691,239277,1,46820,110468
649964,480360,5,3184,57937
650250,484,493,211,313
650514,10048,124,2183,6269
650771,79831,92,7144,41774
651279,7805,112,2946,5064
651310,44248,167,1297,7672
652521,37020,217,10592,20838
653043,370324,2,66473,161166
653522,2557,4919,70,110
654448,11489,308,235,372
655220,4937,4965,876,3355
655300,130163,78,1291,64468
656168,58242,1,1740,31304
657237,148329,1,13973,72312
657852,28326,654,4784,9902
658716,896400,1,136949,341755
659043,33305,218,987,1292
660024,479616,1,11192,201553
660260,2820,4964,57,197
660628,45695,609,522,719
661733,1180904,1,3342,429362
661843,6244,80,186,3052
661974,53656,175,291,432
662065,39364,211,11175,22124
662163,937904,1,141902,354896
662327,1062262,1,12670,94115
662406,454066,1,78652,191724
662479,1080414,1,159267,399254
664551,29747,421,2265,17164
665602,468059,3,57321,197056
666257,12172,175,113,165
666313,179889,30,37015,85961
667331,221552,2,14965,103357
668053,341126,8,533,55375
668155,1138037,1,3054,205622
668317,52300,250,234,12191
668857,69521,28,6815,36989
669011,21381,143,454,12681
669400,4401,421,1933,3013
670199,159655,5,8026,77396
670621,311,5299,6,34
670884,127750,161,92,9031
671574,816218,3,3556,73352
672187,357,7766,0,99
672720,54781,273,11579,23091
672891,885868,1,18737,173016
673530,21135,155,1577,12490
674832,4187,569,720,2450
675127,25152,83,7701,14741
676398,21618,774,0,174
676691,22449,135,109,13332
676949,303,5320,0,85
676978,1153427,1,19881,120759
677002,106920,9,16773,35514
677425,1148,9286,15,820
677669,1158,567,642,830
679216,825971,1,121806,302802
679779,876561,1,3338,335547
680271,8000,5929,15,820
680426,29711,87,6469,12180
681146,102731,96,201,298
681617,372625,13,12713,25860
681667,7793,586,27,5058
681725,121116,102,4844,8770
682205,14274,473,1563,8892
682529,209409,4,31344,98321
683097,1206114,1,29261,127132
683856,168060,7,280,80969
683917,1028715,1,35046,81207
684177,209826,99,5910,27069
684276,1176037,1,10584,347069
686136,2774,7885,1269,1963
686397,19665,578,1713,2605
686495,449621,4,2194,51818
686842,978467,2,166,367940
687783,42678,505,11839,23747
687907,30472,445,2255,4766
688194,5205,4995,863,3447
688935,299463,3,652,134400
689235,28466,627,3629,16499
690511,947981,1,11744,110858
690653,17870,82,1395,2110
690898,385477,6,58637,167058
690978,31882,419,1475,2203
692944,81411,55,19815,42568
693474,280385,2,16009,126926
693831,981624,1,25034,311633
693976,1221349,1,1468,82638
694414,487346,5,50554,120166
695903,30817,279,155,244
696266,23689,419,280,13928
697693,49327,90,872,19670
698360,331046,5,10592,118569
698518,577262,2,821,1064
699095,30042,911,2276,4725
699171,755993,1,101447,296636
699462,150557,112,5096,9394
700044,184979,31,1662,19179
700632,589926,1,7365,240501
700722,104434,78,10824,53229
701043,116946,86,3049,10786
701110,217168,16,12478,101430
701177,49136,300,652,27072
702067,1230270,1,67067,252658
702480,474247,1,81822,199421
703045,2232,587,1115,1580
703470,474778,4,8218,175924
703597,617925,4,12267,250464
703814,31428,203,1644,4032
704491,902864,1,8405,90807
705163,387784,4,1421,112459
706022,166,4913,61,97
706208,722509,1,38169,89637
707360,21503,140,6790,12758
707959,947936,1,11744,270520
709272,17999,666,1408,9228
709617,12170,5792,0,174
710488,60492,115,2475,4022
711288,63488,132,16159,34015
711448,184276,82,3475,6033
712582,41630,778,657,23244
713515,5190,5383,109,158
713765,677393,1,71337,173498
714518,352019,1,63785,154285
714589,464436,4,21950,195728
714640,63433,92,7478,33983
716504,144445,107,4568,8717
717939,562524,4,94237,231337
718078,13639,386,1366,8554
718140,69000,212,1350,36714
718341,729543,2,20022,43028
719046,619269,1,69561,235927
719395,676518,4,10791,37725
722860,462709,1,80014,194918
723547,467442,3,80786,196800
724140,580444,1,96377,237311
726134,2697,588,1311,1902
726905,443916,1,72304,175790
728072,188616,1,38412,89563
728475,26027,259,773,15248
729646,21792,85,6860,12943
729899,558141,3,55469,132858
729954,14435,87,4951,9002
730341,11976,506,4196,7475
730361,5638,565,2254,3677
731346,143544,168,3132,5357
731569,33904,214,1465,19169
731748,204735,2,41265,96341
731969,343800,17,6473,151335
733325,45699,562,1423,6700
733613,140215,9,239,369
733814,69294,125,2795,36862
734124,83263,107,782,6492
734162,1090226,1,33245,263119
736436,48300,170,3014,26689
737152,155138,118,4405,21938
737572,289378,13,3530,130262
739581,835354,1,15765,33109
739702,92563,503,1822,2831
740039,50441,117,1360,4716
741731,1714,359,780,1302
741945,589219,1,31504,182580
742175,8922,80,245,4072
743079,552176,1,30364,227591
743419,854598,3,52245,128999
744083,7226,284,2786,4718
744601,2748,4824,117,1945
745387,89400,48,1736,46575
746098,1122036,2,9802,87244
746165,103050,118,12237,52681
747894,29014,327,8690,16807
748140,179737,11,19596,85859
748461,55529,276,3425,7070
748573,569447,1,18740,136963
749691,153098,89,867,19524
749876,68042,120,9730,35843
751009,313,5997,34,194
751585,297851,10,55848,133858
751731,34238,70,9865,19312
752938,316460,11,2001,20656
752975,963650,1,28337,363209
754051,65674,84,5319,35017
754779,412215,1,72710,176716
755637,24307,488,769,998
755919,44245,87,3258,19382
756195,76271,135,10494,40172
756865,1138057,1,7842,416517
757211,35066,570,4624,19758
757363,407333,8,9583,55471
758123,220165,1,6917,13016
758255,16514,104,4868,8818
758424,81189,229,19776,33299
758915,126895,77,27804,10593
760887,824855,2,26271,166750
760997,170261,2,35366,81902
761926,474208,1,25199,96591
762197,767148,2,50634,120481
765505,54858,122,115,29792
765512,101579,134,1319,11525
765804,19056,910,2454,3975
766658,13961,58,4568,8717
768748,116808,3,3512,32697
768885,1124197,2,44698,105125
769145,184,8790,22,31
769338,82050,198,1189,1746
770298,1183995,1,171828,430160
770401,116289,1,20512,58304
771892,14970,1,5084,9327
772449,1005670,1,26429,122215
772794,812571,2,36585,165746
772856,543,6679,236,361
773287,123649,108,17703,42397
774206,54437,77,56,29604
775600,17988,462,2527,10677
776162,113039,3,1486,56959
776484,17567,239,372,10666
776684,102235,45,180,24559
777459,7594,239,1084,4954
777544,58680,140,1618,31491
777618,744848,1,58587,293146
778071,26588,527,3033,15538
779724,29475,331,1101,3233
780088,1080269,1,36611,399221
780558,787567,1,53007,177747
780727,967517,2,15405,128961
780759,60120,148,10000,30194
781123,39361,428,245,379
781389,218001,2,624,101779
782230,262155,1,12039,119722
782366,926940,1,124711,160728
782601,72166,280,635,819
783037,94369,188,928,36807
783073,24883,549,3256,14596
783146,549225,1,92431,226579
784616,39259,538,11160,22074
785002,23183,520,1095,1655
785568,19490,636,235,3585
785825,94634,15,621,31611
786012,25075,175,4120,13742
787238,48777,308,24,358
787421,795816,2,106387,263221
787514,16060,452,435,9868
788057,244814,3,47598,112596
789214,382798,2,8212,61560
789515,34019,148,1466,3181
791745,33696,718,2178,19072
792310,481111,5,7365,202026
792621,72427,85,4851,38390
792948,20,8637,12,17
793961,84515,249,41,44143
795340,665211,5,31030,85033
795344,61200,99,2110,3369
796943,2640,4783,1194,1842
798242,852211,1,20939,45438
798390,129983,85,2531,64422
798970,95156,2,6009,49245
799463,1240297,1,178551,447195
800072,58617,137,28,7917
801631,670055,2,51828,267759
802977,2771,7452,22,1966
803165,20938,119,6571,12400
803298,71669,256,1423,25562
803375,22087,820,448,3873
803458,22709,335,6468,13471
803488,1143183,1,44000,418025
804219,116562,13,3822,43871
804435,332,6842,130,207
804924,329812,6,22835,91785
805695,475994,1,21562,112683
806941,42755,346,2336,14710
807181,36668,137,8693,20636
807305,166024,27,180,3031
808935,816506,1,126861,315911
809230,47323,420,1666,8773
809726,1130781,1,36957,414369
810230,434385,4,600,1232
811246,11298,5090,2019,7135
811542,3549,5610,18,2420
812196,40229,84,3144,6681
812973,40097,164,301,443
813108,59665,101,1843,6639
813183,1056118,1,113405,280958
813619,24473,576,2558,4782
813938,68398,2,17183,36378
814029,650938,1,79426,261416
814033,47551,68,12905,26276
814478,446964,2,10736,21132
815950,3070,489,1452,2168
816222,12256,447,1466,6765
816521,326373,1,19316,41368
816591,150469,19,98,3490
817608,755130,4,6373,101050
818052,524194,2,88985,217370
819717,759418,1,19665,42162
820981,565456,1,94549,232239
820990,263,6522,113,165
821103,23685,490,1870,2899
821341,23598,345,5547,13893
821763,71015,136,17769,37707
821979,85108,79,1474,44481
825079,82459,173,20043,43105
826129,83832,207,1439,2150
826422,126922,13,6305,62970
826729,13997,169,3707,8750
827617,970435,1,146005,365348
828853,919332,1,139809,349095
829019,129482,108,235,19121
831363,1023824,1,152527,382118
832326,74965,88,2346,10486
833252,86876,177,969,45309
833602,101074,106,1644,4028
833866,7398,14,2840,4831
833975,827603,3,841,20014
834126,445833,2,8314,188955
834158,795377,2,89224,309120
834189,1226820,1,165272,413838
834471,10391,6382,129,6473
835230,354624,2,15671,51371
835329,485454,3,28214,203450
835730,507,684,221,337
836288,2438,5214,435,1722
836855,44085,77,186,296
838384,706182,7,25,18877
838439,11102,642,1782,7003
839091,27423,658,0,174
839489,191588,15,33674,90844
839807,761031,1,19012,40792
841289,59242,84,10428,20489
841529,26325,443,1497,6109
842113,48920,438,290,2835
842589,7455,4791,1179,4870
842662,802360,1,6349,11955
843084,1017303,1,151741,380085
843550,310342,3,2336,138775
844321,104632,103,3284,17444
844910,3955,109,1766,2703
845186,996595,1,2879,6458
845475,654324,1,16242,6889
845529,459118,3,6429,193431
845726,3056,91,1443,2155
845790,561565,8,41466,96816
846120,73769,11,535,39065
847344,21699,148,1563,12868
849151,822213,1,11137,317797
849264,1211639,1,8438,224563
849479,120869,78,26721,60229
849999,50904,11,1239,1771
850205,54720,208,120,29742
851059,3610,470,1632,2462
851340,11833,501,268,7398
851367,336422,1,18144,148745
852031,985700,2,118356,294299
852415,404165,12,1944,65973
852524,11640,237,181,345
852694,110093,129,1353,13874
852813,34175,188,1626,19268
853197,67289,52,3601,13422
854357,244250,2,1736,112338
854711,26313,211,316,15401
854937,10316,115,3688,6427
855006,940516,1,11767,151299
855403,46621,50,12686,25807
855713,799313,6,9417,193184
856341,930301,1,10165,307582
856840,277,7395,119,176
857671,32885,156,9584,18707
858031,87364,3,5199,9594
858142,730094,1,1089,114597
859176,16235,163,284,9966
859623,1171968,1,24275,263164
859824,476579,5,69939,169871
859884,54730,315,14360,29747
859968,49294,376,2279,27170
860103,42816,134,3491,14772
860235,59656,76,4093,7229
860947,347953,5,10015,78982
861107,173341,2,22824,50128
861393,606224,2,29738,246267
861542,18449,145,5998,11160
862302,742591,1,18235,292428
862458,615639,2,5481,10146
862567,302,6944,0,191
863174,1182534,1,624,261770
863297,4171,694,1845,2862
863942,82432,152,6068,43088
864180,21439,723,3415,12720
864552,1107363,1,22529,407402
864737,88130,85,8873,28640
864777,707705,4,27860,280570
866258,15679,245,5289,9710
867072,61665,229,1826,33026
867594,958053,1,44415,294283
867764,159857,14,8319,16019
869649,112919,98,11666,56924
871110,52346,158,8356,28550
871644,58029,77,618,31174
871796,1360,7678,773,1004
871898,605214,1,1733,245886
872051,723076,3,23099,285654
872707,40853,257,46,7981
873511,337,6297,136,212
874383,273687,3,52174,124359
876685,6259,282,231,4115
876812,14648,169,178,8201
876964,652297,2,76476,246770
877777,721651,3,32108,117654
878273,18673,331,1275,5814
878337,123745,170,311,1631
878471,622740,1,72044,251885
878548,100897,139,1401,5899
878613,62991,58,810,1052
878626,7915,502,2979,5122
878733,284399,2,4061,7152
879259,97543,135,5646,50276
880239,22412,219,2943,13300
880558,568449,2,3115,146835
880727,17952,204,5047,9239
881376,10964,150,3940,6906
881616,35960,113,5484,20267
881709,281397,3,53295,127278
882127,539,10438,65,357
882968,28970,198,8672,16772
883048,2268,142,1139,1606
883579,31246,554,3784,17951
883916,62251,272,2550,33352
884166,42606,110,235,7206
885017,35631,220,2221,20065
885278,28969,512,4240,7542
886373,318,5191,127,198
886621,11662,118,1937,3020
887143,52509,157,500,7457
887850,1194,7332,109,158
890547,160674,118,1641,10442
890653,74153,184,7369,26755
891096,44578,84,10610,24801
891516,972365,1,10778,177803
892053,2691,5572,1309,1898
892536,52710,79,2483,4056
892579,126374,1,27669,62607
892770,673566,10,1736,6554
892907,3015,6791,1417,2122
894226,2439,5856,1208,1723
894604,1152399,1,12045,24263
894840,11172,447,4019,7054
895234,565654,1,20825,216536
896378,87333,90,870,1123
896877,142453,53,4266,7576
898118,24817,113,1442,14555
898369,488657,1,84029,147577
898799,1140553,1,166622,417202
899195,744799,3,6877,65190
899288,23622,787,622,794
900232,574015,4,1901,4359
901461,380791,9,11621,23253
901746,1028290,1,6872,383541
902102,19640,637,6255,11734
903329,69025,90,137,1996
903848,31132,1,9174,17875
904262,116169,88,26,37
904767,443995,1,15656,125322
905004,912485,1,138951,346971
906028,1230009,1,789,261672
907534,268485,2,9177,102842
908096,950145,1,65291,358865
908167,1169860,1,11682,66535
908333,35598,158,4142,7368
910747,15829,77,5308,9766
911355,249028,2,42545,114328
911646,71640,75,17901,38009
911987,112822,145,25381,56883
913570,490026,3,2410,18749
914387,217433,63,1241,101499
914466,4964,6989,120,3373
915188,49010,178,1220,2595
915608,812893,1,34734,80465
916111,27728,381,2829,4815
917023,70175,250,208,7284
917326,226104,3,15019,105173
918048,36260,135,5496,20428
918272,15620,617,103,9669
918603,162177,1,7544,78354
920291,4212,484,1868,2897
920799,323,6499,131,202
921551,23343,308,1659,13710
922569,1153881,2,2856,146379
922749,333382,2,4411,94953
922873,3316,4854,1534,2291
923001,692715,2,5960,11187
924178,706653,2,1486,80405
924452,101225,50,62,11513
924647,35851,614,5843,20203
924694,1210497,1,174920,438242
925740,365256,5,1927,77756
925907,14424,805,3418,8997
926469,32968,231,2781,18763
927161,822215,1,1486,76742
927867,588409,3,1479,2207
929620,39147,16,4958,22012
929640,137672,2,5285,9727
931326,34573,355,1123,19501
931557,397207,2,5139,96914
931614,30986,91,1816,4761
932041,110354,103,1241,55846
932318,1075155,1,33063,76412
932340,1098752,1,16277,191335
932809,36855,85,6239,11700
932923,53900,502,117,28575
933010,75313,98,2256,39782
933291,86963,90,3633,36411
934691,1230505,1,1961,236360
935978,21076,362,1319,8260
937084,250938,1,41782,115159
937585,305156,2,14922,96923
937896,114287,90,1829,2840
938214,127354,84,748,1419
942253,110395,81,6513,12341
942317,24548,728,253,11574
942496,10950,82,3927,6893
943382,554654,1,35498,138375
943864,574113,4,3269,172440
945575,190185,2,38759,90302
946449,992,219,545,740
946736,244285,2,32431,73853
947199,776072,2,7192,217835
949155,4101,5556,92,2806
949389,29717,232,1212,17143
949575,17057,473,1208,6339
949710,1166374,1,24333,54173
949825,721,4928,358,513
951527,322,7706,130,201
952481,43534,97,2877,24243
953179,264706,1,50743,120709
953379,996581,1,55062,285521
953571,500239,1,1832,209089
953870,579126,6,11358,22560
954711,1049198,1,8102,46861
954938,752435,1,51702,295476
955663,22506,139,6211,13366
957236,99199,108,1875,16076
957326,1204292,1,97498,436452
957572,112133,2,6864,12912
957780,5584,421,28,3657
958423,130431,2,8232,64557
958956,5012,656,1470,3403
960667,1026302,1,47289,382873
961022,819010,4,127139,316767
961343,170522,2,15833,81975
961490,327897,1,60373,145556
961726,911146,1,32199,322448
961966,90811,91,3920,47255
962003,59659,495,2458,27358
962544,8899,491,3264,5596
963360,183357,77,10429,20491
965121,44999,531,12359,25021
965509,155831,232,3717,20927
965922,960460,2,18627,143800
966831,62494,101,4093,7229
967351,318015,8,2620,44889
968112,55397,82,1405,2101
969837,829183,1,88941,320181
970701,161225,2,4570,77947
970817,42071,104,1055,17606
971557,755597,1,354,296517
971654,839074,1,4867,323407
974321,19427,218,1194,1847
974707,12220,384,1472,7673
975101,39640,96,193,287
975174,55,4989,2,4
975425,52250,450,2209,12171
975767,1191394,1,25034,100101
976430,29957,89,412,587
976483,723,5941,360,515
976582,5699,475,2283,3715
977107,814811,1,126595,315275
978635,1046585,1,109113,371820
978870,521051,2,35931,216133
981192,139,10042,9,84
981236,191859,37,6588,32671
981443,937911,1,20108,354900
982193,1152640,2,15242,31903
982464,32753,486,68,8837
982915,21499,81,6789,12756
983104,58592,107,15081,31476
983800,1074117,1,29506,172111
984251,1097742,2,25193,404497
984576,176692,5,36403,84616
984916,5116,586,60,95
986135,67093,1,16857,35719
986242,761719,1,419,594
986658,16851,222,2657,10259
987447,70201,130,215,323
988108,1220521,1,116406,441268
988962,352452,2,27814,154493
989109,1069073,1,19968,395613
989241,6447,241,2566,4231
989965,409194,5,7278,175766
990023,454401,9,22187,191852
990648,615669,2,101080,249584
991239,3302,114,1529,2281
991619,534936,1,37165,105942
991686,20852,104,454,632
992018,157420,88,11251,76480
992092,39038,194,27,21942
992143,23880,324,15,21
992879,6,5362,0,6
993258,13566,414,4688,8508
995000,1220093,1,176065,441113
995149,538,148,180,348
995724,1127525,1,164998,413211
996223,42116,69,3387,5842
996934,1191556,1,35236,432609
997100,96456,118,10136,49856
997139,1143362,1,22559,49461
997465,3706,5330,1661,2520
997883,713089,1,14865,30937
998399,42878,503,66,105
999567,200813,20,1613,2421
999596,6293,101,196,309
1000205,288,6209,29,143
1000400,68352,317,5910,10975
1001134,43266,92,6496,13283
1001640,26117,594,2830,4816
1002372,28819,354,1644,4034
1003512,3463,102,633,816
1004141,89911,121,1712,36418
1005180,1045458,1,49430,117077
1005471,237589,8,29938,109980
1006045,10474,887,50,73
1007322,33802,620,1933,19139
1008111,601846,1,89641,244797
1008171,1162,5858,646,834
1008584,693223,1,111218,275629
1008781,317,9226,110,159
1009608,3963,4,1765,2708
1009745,1072439,1,43138,294136
1011076,44543,127,11261,24777
1011311,121414,81,74,3132
1011525,892138,1,22788,340438
1011654,21680,842,6835,12853
1011888,891526,2,29254,66616
1012014,27195,530,8198,15789
1012205,1162412,1,35549,331309
1012281,809700,1,12961,313673
1013011,5223,715,316,2293
1014978,325366,1,9871,144589
1015219,331616,1,60933,146991
1015579,23079,259,3491,7384
1015733,3158,5749,1189,1691
1016239,818571,3,127073,316577
1016558,11637,255,804,5384
1017197,36642,169,1836,20617
1017301,4975,426,896,1160
1017595,118690,128,2735,2906
1019650,59523,299,1087,31926
1019667,906190,2,14632,30391
1019818,321939,2,35806,82956
1019870,885910,1,135643,338551
1019883,981124,1,109611,368806
1020158,791399,1,11731,28583
1020318,74957,84,3254,21924
1020669,655629,4,4061,263052
1020732,975067,1,23227,366932
1021146,75024,123,8333,22621
1021246,168,7202,0,99
1023146,38729,110,5427,21779
1023306,759172,1,2747,243887
1023545,1234603,1,177889,445485
1024292,803256,3,20068,311653
1024581,23147,243,7150,13606
1024592,266692,4,51038,121496
1025186,1229382,1,100848,443786
1026237,743187,1,117747,292587
1026425,23239,568,7161,13639
1027097,29917,79,8499,16423
1028086,197301,12,39994,93371
1028441,19037,164,2799,11423
1028910,161593,2,32841,78109
1029375,249,6171,0,99
1030380,374805,1,34,4008
1030436,495054,1,84911,207096
1032255,783718,1,122902,133312
1032810,47862,147,31,8251
1033372,2511,5420,1241,1774
1033548,49337,358,842,8115
1033644,155270,105,9600,75524
1033688,750762,1,1087,86977
1033917,21199,865,657,855
1034276,12487,102,2251,3652
1034951,284429,2,24747,55235
1037199,940604,4,11666,108441
1037229,828392,1,69603,319954
1037298,565777,1,94590,232334
1037583,474341,7,21524,50472
1038049,37131,3,10621,20907
1038276,522487,2,4945,56949
1038280,26969,455,3805,15677
1038377,5188,6085,639,3437
1038457,314858,1,58438,140557
1039309,570,5487,12,17
1039813,468416,1,1740,197164
1041745,30825,312,4427,7899
1042078,1463,5165,325,1093
1042211,1118175,1,17060,91611
1042249,822,448,427,605
1042721,11228,823,306,7098
1043052,52754,94,4825,8744
1043192,638986,3,13591,257442
1043824,9137,56,3312,5701
1044173,61332,113,9423,32867
1045691,26064,105,1789,3219
1046232,75420,11,18618,39826
1046653,1146689,1,167394,419151
1046925,52966,612,2875,15416
1047192,335827,9,6056,148552
1047345,18754,123,1397,2078
1048138,304946,6,8544,33874
1049722,48910,274,6373,26973
1050735,530989,1,685,219732
1051005,159239,10,56,27739
1051293,567647,1,10085,79481
1051511,858142,2,38955,90804
1052014,160082,16,27454,62066
1052117,872788,3,312,71685
1052686,244346,18,7161,53576
1052798,1183,8977,109,817
1052858,1814,596,1036,1365
1053512,1094548,1,61656,148934
1054380,90898,2,21699,47296
1054610,30064,655,332,483
1054811,129098,79,7000,63970
1055194,69140,19,364,36773
1056269,20239,1,5208,12026
1056887,53834,90,14188,29298
1057458,548479,2,689,69799
1057583,59751,100,1127,1590
1058354,19676,165,236,5190
1059350,632517,1,17278,222666
1059791,209424,3,1681,98326
1059829,34612,100,161,15778
1060166,13797,665,3265,5596
1061055,174,4985,50,73
1063574,13999,90,4837,8751
1063687,21990,477,4199,13065
1063743,25339,97,1085,14845
1064466,163628,159,56,78933
1064630,365800,1,31018,159583
1065234,744,7951,371,533
1065850,67345,121,1212,5822
1066100,705946,1,68715,185487
1066329,198563,2,40199,93936
1067345,783296,2,6594,42415
1067716,49211,506,683,887
1068109,1104742,1,162258,406584
1069435,9543,137,3439,5957
1069593,177,6369,66,105
1069977,9711,268,3488,6054
1071200,5796,847,2102,3804
1071258,4676,5968,1182,2089
1071811,938970,1,142040,355249
1072750,9375,536,3388,5844
1072938,343659,1,22073,151290
1073595,48438,102,1085,26749
1075098,6495,264,2569,4252
1075623,95705,73,3228,14101
1076213,651880,1,18484,261721
1077164,473652,4,5515,34950
1077310,1196,6599,662,861
1077665,59188,95,155,8617
1078084,11068,4855,1807,2799
1079348,394937,1,18451,170477
1080052,1190,6030,658,856
1080337,67750,179,4717,31589
1081344,200768,83,2987,13774
1082431,1158829,1,156059,390755
1082571,9591,839,3463,5989
1082851,218230,13,13098,26728
1083427,47950,144,3244,26511
1083884,34120,92,1846,19248
1084213,1165,5963,646,836
1084796,360360,1,65026,157476
1084845,96033,130,7264,13846
1085147,1167327,1,24571,253190
1085873,15,9667,2,4
1086485,903449,1,36502,343990
1090105,70042,17,1219,4702
1090159,228675,47,45075,106200
1090312,1111935,1,42775,277290
1090734,1008556,1,51540,185708
1092300,478372,1,18310,80136
1092848,2779,4814,162,251
1093009,16436,614,3375,10097
1094119,24815,183,79,121
1094460,135642,93,9121,22341
1096333,1114317,1,102486,409396
1096718,979168,1,2722,368158
1097040,316,4762,57,197
1097304,1060720,1,79428,393161
1097436,268174,2,10177,19923
1097904,707404,2,113216,280469
1100813,738442,1,117050,290895
1102449,5598,218,1156,3664
1102598,18514,135,316,465
1104453,621526,1,59097,251447
1105179,244,7420,103,150
1105924,166724,94,17448,79015
1105961,648939,1,56400,260836
1106355,2524,5269,1244,1782
1106663,283803,4,33567,77587
1106825,7,5161,4,7
1107410,7525,76,2881,4914
1107620,1018271,1,74247,380395
1108230,792994,2,2783,7881
1108314,41572,618,1354,1986
1108573,16808,744,620,806
1108795,787369,3,123267,306651
1109192,338757,4,851,111808
1109503,51121,116,274,5631
1110238,156623,90,13685,28092
1110560,3601,5549,1628,2456
1110627,527892,2,11229,218708
1111932,1103764,1,75590,258592
1113298,798687,1,35181,161112
1113929,48915,137,1199,1706
1114919,2911,5670,1383,2056
1115427,297,6088,8,11
1116633,448809,1,17670,149695
1117366,507087,5,5919,10997
1119722,327,6631,8,78
1121661,859051,1,132263,329974
1122176,25405,173,7753,14879
1122661,303047,1,56650,135855
1122699,796279,3,47511,112343
1123054,66367,86,1807,35379
1123606,693297,3,27517,93077
1123687,6429,273,1372,2037
1124323,895372,1,31920,86012
1124482,46877,271,2912,4988
1125436,483140,2,83098,202659
1125602,77250,80,3466,8696
1125650,1199786,1,118729,295172
1126613,21093,255,1316,1911
1127334,16793,589,5525,10236
1127699,4726,4963,2022,3221
1128039,440656,8,2722,186137
1128339,1199008,1,83195,104449
1128600,433129,1,75849,184419
1128639,32405,145,2790,5630
1129790,58975,86,5099,16841
1131393,5438,473,350,504
1131785,668,5157,313,461
1131992,20797,434,6542,12333
1132590,473945,4,39221,91484
1132905,776018,3,18687,303122
1133375,13808,428,3265,5596
1134060,55013,140,349,3566
1134503,846027,1,3197,66294
1135425,864035,1,132935,331661
1135788,33857,344,3541,19155
1136665,739152,1,117160,291132
1136949,342223,13,22746,150873
1137142,4923,6744,280,3343
1137916,18571,283,4990,9096
1138362,118138,86,3578,55457
1138744,666942,1,767,266805
1139530,5601,137,1156,3664
1141077,720139,2,4119,151749
1141547,7836,591,1413,5083
1142141,9660,555,58,6023
1142150,335098,1,51176,148264
1142497,2959,365,1283,2092
1142545,946184,1,46384,90939
1142733,891371,2,45862,108170
1143958,45067,189,8955,25061
1146194,79435,83,1925,41568
1146264,1149,6600,636,821
1146434,112078,77,2271,6866
1146903,551,6518,66,362
1147084,44693,459,4174,10397
1147678,2726,5928,8,11
1147799,250,4977,93,154
1148070,331,4933,8,11
1148201,250146,1,48466,114825
1148758,54740,232,37,4025
1148835,39129,300,11130,21995
1149146,96965,83,98,142
1149379,897010,1,65851,280763
1149653,430748,1,38318,183628
1149777,5063,484,2134,3420
1150721,69375,2,17454,36906
1151349,1177653,1,1164,279975
1152741,73827,132,2261,39070
1152985,65873,213,522,3607
1156307,14459,376,2926,9017
1159661,1007551,1,4685,33032
1161009,72592,87,3475,6033
1162118,66818,108,6722,35582
1162373,105796,183,3458,32688
1164422,19029,228,1155,8103
1164435,86441,351,2106,45062
1165938,1108474,1,5451,343514
1166027,4943,6311,2102,3360
1166395,8,5019,5,8
1166574,556551,1,93417,229224
1166800,48468,235,1095,1653
1166957,5720,4871,110,823
1167196,34335,412,4695,19383
1167472,32565,162,3128,18570
1167799,27320,450,8220,15838
1167859,42614,286,235,7205
1168032,54942,529,638,1392
1168920,916355,2,8278,244063
1169610,86047,5,20705,44891
1170359,4068,81,1797,2784
1170537,1030635,1,68834,384240
1170650,19424,97,1194,1847
1171531,1141405,1,31797,417467
1172081,527633,1,65129,157739
1172905,95437,94,5482,14194
1173428,950687,1,42427,150632
1173675,560620,3,9913,106181
1173849,1538,6894,895,1158
1174289,716070,1,14631,180684
1174321,38832,390,3288,17988
1174361,102228,3,23641,52290
1174820,108678,78,491,21315
1175811,1224181,1,36346,165682
1177038,651790,1,105815,261697
1177186,227,5108,92,135
1177408,860616,1,9306,127908
1177470,72627,201,3628,15423
1177507,12709,6270,121,179
1177724,9400,443,3396,5862
1177761,4167,5284,1842,2858
1178193,378440,2,50709,154360
1178586,49491,90,3256,21867
1179341,378265,12,25608,57453
1179410,3694,6173,235,1802
1179939,1020071,1,8747,251657
1182443,424375,3,74533,181137
1182533,1239940,1,75120,182458
1182858,920502,1,24251,53969
1183079,160722,1,9703,77784
1183867,49916,207,13440,27481
1184562,870943,2,32806,149820
1185166,1177621,1,19371,41499
1185812,775213,1,121838,99212
1186295,29143,115,594,774
1186727,123,10524,27,81
1186962,213030,12,107,99738
1187526,4015,306,1785,2748
1187628,60199,119,160,32283
1188255,16738,644,294,435
1189360,215949,10,11756,100982
1189831,35826,258,747,20181
1190956,180519,1,14821,86213
1191576,830551,1,128603,320600
1191667,141488,103,30345,69440
1191762,1072646,1,9016,69175
1191827,669034,1,781,29401
1191953,1073349,1,11477,121313
1192006,515765,8,10478,89657
1192213,1081094,2,70415,206397
1192927,417345,1,8212,178403
1193774,367199,7,779,160109
1194268,74161,90,2498,39219
1194431,466616,2,68209,196513
1194744,52189,145,5331,9825
1195075,961094,1,68269,165724
1196069,393159,3,21178,141332
1196558,4976,5383,649,3380
1197233,1096780,1,22926,157807
1197830,31040,37,9154,17820
1198201,971691,2,15389,161267
1198646,957879,1,6646,12547
1199264,6408,579,909,4201
1199832,521820,1,66452,216383
1199864,46666,124,3566,6216
1201152,52345,254,13882,28549
1202002,692570,1,6891,71970
1202201,10702,367,2251,3662
1203091,264930,1,50785,120777
1203985,844924,2,9188,29710
1203999,211785,2,42423,99229
1204978,139209,161,5399,68392
1206095,7817,5357,1611,2416
1206379,12809,337,1313,8059
1206527,31500,250,4551,18105
1206784,900866,2,44589,104876
1207132,82217,235,6528,42989
1207220,7157,625,437,4676
1207489,745914,1,81791,253642
1207492,69579,166,4743,8608
1207725,556549,2,5041,9224
1208113,1208310,1,85337,437629
1209255,69003,230,24,33
1210165,650515,1,23117,261267
1211454,1122350,1,600,411693
1211617,1004028,2,19121,83008
1211674,238388,1,46700,110233
1212773,54413,136,14300,29588
1213465,2918,5208,1290,2063
1213528,78,7098,24,49
1214339,932039,2,9121,211947
1214486,625319,1,6516,252802
1214977,2923,470,1392,2068
1215226,223800,10,6377,50004
1216413,172,5541,50,73
1217666,666878,5,107753,184509
1217747,13828,223,4775,5596
1218691,28151,619,8448,16321
1218827,672816,1,4013,174340
1220342,511700,9,17693,212978
1221603,1081668,1,34456,399614
1221614,28523,226,3533,16535
1221745,26754,454,8100,15575
1221768,510828,15,84,40221
1221947,13717,1,4745,8610
1222464,273616,1,52162,124325
1223738,10863,383,1894,6812
1224321,559856,1,55341,132460
1224414,230860,2,1733,107091
1226178,640615,2,79539,258025
1227044,18454,153,5953,11069
1227391,945462,1,9233,55931
1227752,48630,110,3970,11626
1227793,452353,1,22119,48351
1228506,884745,3,3701,7707
1230733,870359,2,1090,121131
1231021,363,6383,147,233
1231070,70465,3,17622,37389
1231537,39714,162,1206,22317
1232296,356529,1,52974,126496
1235212,162155,1,31,78345
1235338,21688,239,118,11512
1235625,401050,4,37727,172671
1235816,113423,6,25462,57118
1236393,602452,1,1503,199400
1236515,246769,3,47919,113391
1237936,21072,185,2687,9368
1239288,151262,76,2879,22909
1239513,790277,1,123630,307485
1240153,41149,138,3869,23013
1240276,884768,1,135483,338178
1240335,853489,1,1550,6670
1241544,38981,246,1610,2415
1242318,109715,16,15376,55579
1242681,433494,1,23573,52119
